QB,RB,RB,WR,WR,WR,FLEX,S-FLEX,,Instructions
,,,,,,,,,1. Locate the player you want to select in the list below 
,,,,,,,,,2. Copy the ID of your player (you can use the Name + ID column or the ID column) 
,,,,,,,,,3. Paste the ID into the roster position desired 
,,,,,,,,,4. You must include an ID for each player; you cannot use just the player's name 
,,,,,,,,,5. You can create up to 500 lineups per file 
 
,,,,,,,,,Position,Name + ID,Name,ID,Roster Position,Salary,Game Info,TeamAbbrev,AvgPointsPerGame
,,,,,,,,,RB,D'Andre Swift (13218115),D'Andre Swift,13218115,RB/FLEX/S-FLEX,9500,UGA@VAND 08/31/2019 07:30PM ET,UGA,18.26
,,,,,,,,,QB,Sam Ehlinger (13218118),Sam Ehlinger,13218118,QB/S-FLEX,9300,LT@UT 08/31/2019 08:00PM ET,UT,28.14
,,,,,,,,,QB,Bryce Perkins (13218120),Bryce Perkins,13218120,QB/S-FLEX,8400,UV@PITT 08/31/2019 07:30PM ET,UV,27.72
,,,,,,,,,RB,Larry Rountree III (13218122),Larry Rountree III,13218122,RB/FLEX/S-FLEX,8200,MIZZ@WYO 08/31/2019 07:30PM ET,MIZZ,17.14
,,,,,,,,,RB,John Emery Jr. (13218125),John Emery Jr.,13218125,RB/FLEX/S-FLEX,8000,GSU@LSU 08/31/2019 07:30PM ET,LSU,0
,,,,,,,,,QB,Kelly Bryant (13218128),Kelly Bryant,13218128,QB/S-FLEX,7900,MIZZ@WYO 08/31/2019 07:30PM ET,MIZZ,12.61
,,,,,,,,,QB,Jake Fromm (13218130),Jake Fromm,13218130,QB/S-FLEX,7800,UGA@VAND 08/31/2019 07:30PM ET,UGA,15.95
,,,,,,,,,RB,Keaontay Ingram (13218132),Keaontay Ingram,13218132,RB/FLEX/S-FLEX,7700,LT@UT 08/31/2019 08:00PM ET,UT,11.37
,,,,,,,,,RB,Cam Akers (13218135),Cam Akers,13218135,RB/FLEX/S-FLEX,7600,BSU@FSU 08/31/2019 07:00PM ET,FSU,13.01
,,,,,,,,,QB,Joe Burrow (13218138),Joe Burrow,13218138,QB/S-FLEX,7500,GSU@LSU 08/31/2019 07:30PM ET,LSU,20.44
,,,,,,,,,QB,Casey Thompson (13218452),Casey Thompson,13218452,QB/S-FLEX,7500,LT@UT 08/31/2019 08:00PM ET,UT,0
,,,,,,,,,WR,Justin Jefferson (13218140),Justin Jefferson,13218140,WR/FLEX/S-FLEX,7400,GSU@LSU 08/31/2019 07:30PM ET,LSU,14.39
,,,,,,,,,WR,Nico Collins (13218143),Nico Collins,13218143,WR/FLEX/S-FLEX,7300,MTSU@MICH 08/31/2019 07:30PM ET,MICH,10.71
,,,,,,,,,RB,CJ Verdell (13218146),CJ Verdell,13218146,RB/FLEX/S-FLEX,7200,ORE@AUB 08/31/2019 07:30PM ET,ORE,18.95
,,,,,,,,,WR,Tamorrion Terry (13218149),Tamorrion Terry,13218149,WR/FLEX/S-FLEX,7100,BSU@FSU 08/31/2019 07:00PM ET,FSU,13.62
,,,,,,,,,QB,Shea Patterson (13218152),Shea Patterson,13218152,QB/S-FLEX,7000,MTSU@MICH 08/31/2019 07:30PM ET,MICH,17.25
,,,,,,,,,WR,Collin Johnson (13218159),Collin Johnson,13218159,WR/FLEX/S-FLEX,6900,LT@UT 08/31/2019 08:00PM ET,UT,16.88
,,,,,,,,,QB,Joey Gatewood (13218157),Joey Gatewood,13218157,QB/S-FLEX,6800,ORE@AUB 08/31/2019 07:30PM ET,AUB,2.8
,,,,,,,,,WR,Jalen Knox (13218167),Jalen Knox,13218167,WR/FLEX/S-FLEX,6700,MIZZ@WYO 08/31/2019 07:30PM ET,MIZZ,9.3
,,,,,,,,,QB,Justin Herbert (13218176),Justin Herbert,13218176,QB/S-FLEX,6600,ORE@AUB 08/31/2019 07:30PM ET,ORE,20.90
,,,,,,,,,WR,John Hightower (13218170),John Hightower,13218170,WR/FLEX/S-FLEX,6500,BSU@FSU 08/31/2019 07:00PM ET,BSU,16.74
,,,,,,,,,QB,James Blackman (13218165),James Blackman,13218165,QB/S-FLEX,6400,BSU@FSU 08/31/2019 07:00PM ET,FSU,13.27
,,,,,,,,,WR,Adrian Hardy (13218173),Adrian Hardy,13218173,WR/FLEX/S-FLEX,6400,LT@UT 08/31/2019 08:00PM ET,LT,18.35
,,,,,,,,,WR,Donovan Peoples-Jones (13218178),Donovan Peoples-Jones,13218178,WR/FLEX/S-FLEX,6300,MTSU@MICH 08/31/2019 07:30PM ET,MICH,12.76
,,,,,,,,,WR,Kalija Lipscomb (13218162),Kalija Lipscomb,13218162,WR/FLEX/S-FLEX,6200,UGA@VAND 08/31/2019 07:30PM ET,VAND,19.08
,,,,,,,,,QB,D'Wan Mathis (13218380),D'Wan Mathis,13218380,QB/S-FLEX,6200,UGA@VAND 08/31/2019 07:30PM ET,UGA,0
,,,,,,,,,WR,Johnathon Johnson (13218181),Johnathon Johnson,13218181,WR/FLEX/S-FLEX,6100,MIZZ@WYO 08/31/2019 07:30PM ET,MIZZ,12.73
,,,,,,,,,RB,Ke'Shawn Vaughn (13218154),Ke'Shawn Vaughn,13218154,RB/FLEX/S-FLEX,6000,UGA@VAND 08/31/2019 07:30PM ET,VAND,21.12
,,,,,,,,,WR,Hasise Dubois (13218187),Hasise Dubois,13218187,WR/FLEX/S-FLEX,6000,UV@PITT 08/31/2019 07:30PM ET,UV,10.68
,,,,,,,,,WR,Seth Williams (13218184),Seth Williams,13218184,WR/FLEX/S-FLEX,5900,ORE@AUB 08/31/2019 07:30PM ET,AUB,11.24
,,,,,,,,,QB,Brennan Armstrong (13218468),Brennan Armstrong,13218468,QB/S-FLEX,5900,UV@PITT 08/31/2019 07:30PM ET,UV,4.63
,,,,,,,,,QB,Dylan McCaffrey (13218409),Dylan McCaffrey,13218409,QB/S-FLEX,5800,MTSU@MICH 08/31/2019 07:30PM ET,MICH,5.79
,,,,,,,,,RB,JaTarvious Whitlow (13218190),JaTarvious Whitlow,13218190,RB/FLEX/S-FLEX,5700,ORE@AUB 08/31/2019 07:30PM ET,AUB,13.18
,,,,,,,,,WR,Maurice Ffrench (13218196),Maurice Ffrench,13218196,WR/FLEX/S-FLEX,5700,UV@PITT 08/31/2019 07:30PM ET,PITT,11.56
,,,,,,,,,WR,Devin Duvernay (13218199),Devin Duvernay,13218199,WR/FLEX/S-FLEX,5700,LT@UT 08/31/2019 08:00PM ET,UT,8.83
,,,,,,,,,RB,Tru Wilson (13218193),Tru Wilson,13218193,RB/FLEX/S-FLEX,5700,MTSU@MICH 08/31/2019 07:30PM ET,MICH,4.32
,,,,,,,,,WR,Albert Okwuegbunam (13218238),Albert Okwuegbunam,13218238,WR/FLEX/S-FLEX,5600,MIZZ@WYO 08/31/2019 07:30PM ET,MIZZ,14.29
,,,,,,,,,WR,D.J. Matthews (13218202),D.J. Matthews,13218202,WR/FLEX/S-FLEX,5600,BSU@FSU 08/31/2019 07:00PM ET,FSU,8.56
,,,,,,,,,WR,Tarik Black (13218205),Tarik Black,13218205,WR/FLEX/S-FLEX,5600,MTSU@MICH 08/31/2019 07:30PM ET,MICH,2.5
,,,,,,,,,WR,Anthony Schwartz (13218208),Anthony Schwartz,13218208,WR/FLEX/S-FLEX,5500,ORE@AUB 08/31/2019 07:30PM ET,AUB,10.07
,,,,,,,,,WR,Tyler Simmons (13218211),Tyler Simmons,13218211,WR/FLEX/S-FLEX,5500,UGA@VAND 08/31/2019 07:30PM ET,UGA,6.66
,,,,,,,,,WR,Terrace Marshall Jr. (13218214),Terrace Marshall Jr.,13218214,WR/FLEX/S-FLEX,5500,GSU@LSU 08/31/2019 07:30PM ET,LSU,3.47
,,,,,,,,,QB,Myles Brennan (13218399),Myles Brennan,13218399,QB/S-FLEX,5500,GSU@LSU 08/31/2019 07:30PM ET,LSU,2.6
,,,,,,,,,WR,Joe Reed (13218220),Joe Reed,13218220,WR/FLEX/S-FLEX,5500,UV@PITT 08/31/2019 07:30PM ET,UV,9.46
,,,,,,,,,RB,Zach Charbonnet (13218217),Zach Charbonnet,13218217,RB/FLEX/S-FLEX,5500,MTSU@MICH 08/31/2019 07:30PM ET,MICH,0
,,,,,,,,,QB,Sean Chambers (13218228),Sean Chambers,13218228,QB/S-FLEX,5400,MIZZ@WYO 08/31/2019 07:30PM ET,WYO,18.64
,,,,,,,,,QB,Taylor Powell (13218429),Taylor Powell,13218429,QB/S-FLEX,5400,MIZZ@WYO 08/31/2019 07:30PM ET,MIZZ,1.92
,,,,,,,,,QB,Kenny Pickett (13218226),Kenny Pickett,13218226,QB/S-FLEX,5400,UV@PITT 08/31/2019 07:30PM ET,PITT,11.47
,,,,,,,,,WR,Ty Lee (13218223),Ty Lee,13218223,WR/FLEX/S-FLEX,5400,MTSU@MICH 08/31/2019 07:30PM ET,MTSU,14.91
,,,,,,,,,WR,Demetris Robertson (13218233),Demetris Robertson,13218233,WR/FLEX/S-FLEX,5300,UGA@VAND 08/31/2019 07:30PM ET,UGA,4.22
,,,,,,,,,RB,Khalan Laborn (13218230),Khalan Laborn,13218230,RB/FLEX/S-FLEX,5300,BSU@FSU 08/31/2019 07:00PM ET,FSU,2.35
,,,,,,,,,QB,Chase Cord (13218236),Chase Cord,13218236,QB/S-FLEX,5300,BSU@FSU 08/31/2019 07:00PM ET,BSU,5.64
,,,,,,,,,RB,Travis Dye (13218244),Travis Dye,13218244,RB/FLEX/S-FLEX,5200,ORE@AUB 08/31/2019 07:30PM ET,ORE,9.98
,,,,,,,,,QB,Bo Nix (13218346),Bo Nix,13218346,QB/S-FLEX,5200,ORE@AUB 08/31/2019 07:30PM ET,AUB,0
,,,,,,,,,QB,Tyler Shough (13218435),Tyler Shough,13218435,QB/S-FLEX,5200,ORE@AUB 08/31/2019 07:30PM ET,ORE,0
,,,,,,,,,RB,Clyde Edwards-Helaire (13218241),Clyde Edwards-Helaire,13218241,RB/FLEX/S-FLEX,5200,GSU@LSU 08/31/2019 07:30PM ET,LSU,10.68
,,,,,,,,,QB,J'mar Smith (13218247),J'mar Smith,13218247,QB/S-FLEX,5200,LT@UT 08/31/2019 08:00PM ET,LT,16.79
,,,,,,,,,QB,Riley Neal (13218258),Riley Neal,13218258,QB/S-FLEX,5100,UGA@VAND 08/31/2019 07:30PM ET,VAND,20.38
,,,,,,,,,RB,Tyler Badie (13218252),Tyler Badie,13218252,RB/FLEX/S-FLEX,5100,MIZZ@WYO 08/31/2019 07:30PM ET,MIZZ,6.72
,,,,,,,,,WR,CT Thomas (13218249),CT Thomas,13218249,WR/FLEX/S-FLEX,5100,BSU@FSU 08/31/2019 07:00PM ET,BSU,8.36
,,,,,,,,,WR,Dejon Brissett (13218255),Dejon Brissett,13218255,WR/FLEX/S-FLEX,5100,UV@PITT 08/31/2019 07:30PM ET,UV,0
,,,,,,,,,RB,Kam Martin (13218260),Kam Martin,13218260,RB/FLEX/S-FLEX,5000,ORE@AUB 08/31/2019 07:30PM ET,AUB,6.47
,,,,,,,,,WR,Jacob Breeland (13218281),Jacob Breeland,13218281,WR/FLEX/S-FLEX,5000,ORE@AUB 08/31/2019 07:30PM ET,ORE,7.37
,,,,,,,,,RB,James Cook (13218266),James Cook,13218266,RB/FLEX/S-FLEX,5000,UGA@VAND 08/31/2019 07:30PM ET,UGA,5.63
,,,,,,,,,WR,Ja'Marr Chase (13218272),Ja'Marr Chase,13218272,WR/FLEX/S-FLEX,5000,GSU@LSU 08/31/2019 07:30PM ET,LSU,7.23
,,,,,,,,,QB,Tyler Vander Waal (13218478),Tyler Vander Waal,13218478,QB/S-FLEX,5000,MIZZ@WYO 08/31/2019 07:30PM ET,WYO,7.31
,,,,,,,,,WR,Keyshawn Helton (13218263),Keyshawn Helton,13218263,WR/FLEX/S-FLEX,5000,BSU@FSU 08/31/2019 07:00PM ET,FSU,6.3
,,,,,,,,,QB,Jaylon Henderson (13218354),Jaylon Henderson,13218354,QB/S-FLEX,5000,BSU@FSU 08/31/2019 07:00PM ET,BSU,1.99
,,,,,,,,,QB,Alex Hornibrook (13218362),Alex Hornibrook,13218362,QB/S-FLEX,5000,BSU@FSU 08/31/2019 07:00PM ET,FSU,10.80
,,,,,,,,,WR,Taysir Mack (13218284),Taysir Mack,13218284,WR/FLEX/S-FLEX,5000,UV@PITT 08/31/2019 07:30PM ET,PITT,8.89
,,,,,,,,,RB,Jaqwis Dancy (13218269),Jaqwis Dancy,13218269,RB/FLEX/S-FLEX,5000,LT@UT 08/31/2019 08:00PM ET,LT,14.79
,,,,,,,,,RB,Jordan Whittington (13218287),Jordan Whittington,13218287,RB/FLEX/S-FLEX,5000,LT@UT 08/31/2019 08:00PM ET,UT,0
,,,,,,,,,RB,Christian Turner (13218275),Christian Turner,13218275,RB/FLEX/S-FLEX,5000,MTSU@MICH 08/31/2019 07:30PM ET,MICH,4.03
,,,,,,,,,RB,Chaton Mobley (13218278),Chaton Mobley,13218278,RB/FLEX/S-FLEX,5000,MTSU@MICH 08/31/2019 07:30PM ET,MTSU,11.87
,,,,,,,,,WR,Zach Farrar (13218290),Zach Farrar,13218290,WR/FLEX/S-FLEX,4900,ORE@AUB 08/31/2019 07:30PM ET,AUB,10.28
,,,,,,,,,WR,Juwan Johnson (13218299),Juwan Johnson,13218299,WR/FLEX/S-FLEX,4900,ORE@AUB 08/31/2019 07:30PM ET,ORE,8.28
,,,,,,,,,WR,Kam Scott (13218296),Kam Scott,13218296,WR/FLEX/S-FLEX,4900,MIZZ@WYO 08/31/2019 07:30PM ET,MIZZ,6.9
,,,,,,,,,RB,Andrew Van Buren (13218293),Andrew Van Buren,13218293,RB/FLEX/S-FLEX,4900,BSU@FSU 08/31/2019 07:00PM ET,BSU,2.83
,,,,,,,,,RB,A.J. Davis (13218302),A.J. Davis,13218302,RB/FLEX/S-FLEX,4900,UV@PITT 08/31/2019 07:30PM ET,PITT,3.02
,,,,,,,,,WR,Jaylon Redd (13218310),Jaylon Redd,13218310,WR/FLEX/S-FLEX,4800,ORE@AUB 08/31/2019 07:30PM ET,ORE,10.12
,,,,,,,,,RB,Brian Herrien (13218307),Brian Herrien,13218307,RB/FLEX/S-FLEX,4800,UGA@VAND 08/31/2019 07:30PM ET,UGA,5.05
,,,,,,,,,QB,Deuce Wallace (13218460),Deuce Wallace,13218460,QB/S-FLEX,4800,UGA@VAND 08/31/2019 07:30PM ET,VAND,0
,,,,,,,,,QB,Shai Werts (13218305),Shai Werts,13218305,QB/S-FLEX,4800,GSU@LSU 08/31/2019 07:30PM ET,GSU,20.71
,,,,,,,,,QB,Westin Elliott (13218395),Westin Elliott,13218395,QB/S-FLEX,4800,LT@UT 08/31/2019 08:00PM ET,LT,1.56
,,,,,,,,,WR,Matthew Hill (13218322),Matthew Hill,13218322,WR/FLEX/S-FLEX,4700,ORE@AUB 08/31/2019 07:30PM ET,AUB,1.05
,,,,,,,,,WR,Brenden Schooler (13218331),Brenden Schooler,13218331,WR/FLEX/S-FLEX,4700,ORE@AUB 08/31/2019 07:30PM ET,ORE,5.91
,,,,,,,,,WR,Lawrence Cager (13218325),Lawrence Cager,13218325,WR/FLEX/S-FLEX,4700,UGA@VAND 08/31/2019 07:30PM ET,UGA,7.87
,,,,,,,,,WR,V'Lique Carter (13218334),V'Lique Carter,13218334,WR/FLEX/S-FLEX,4700,UV@PITT 08/31/2019 07:30PM ET,PITT,0
,,,,,,,,,RB,PK Kier (13218337),PK Kier,13218337,RB/FLEX/S-FLEX,4700,UV@PITT 08/31/2019 07:30PM ET,UV,2
,,,,,,,,,QB,Asher O'Hara (13218316),Asher O'Hara,13218316,QB/S-FLEX,4700,MTSU@MICH 08/31/2019 07:30PM ET,MTSU,9.03
,,,,,,,,,QB,Chase Cunningham (13218318),Chase Cunningham,13218318,QB/S-FLEX,4700,MTSU@MICH 08/31/2019 07:30PM ET,MTSU,0
,,,,,,,,,QB,Randall Johnson (13218320),Randall Johnson,13218320,QB/S-FLEX,4700,MTSU@MICH 08/31/2019 07:30PM ET,MTSU,0
,,,,,,,,,WR,CJ Windham (13218328),CJ Windham,13218328,WR/FLEX/S-FLEX,4700,MTSU@MICH 08/31/2019 07:30PM ET,MTSU,11.7
,,,,,,,,,RB,Harold Joiner (13218340),Harold Joiner,13218340,RB/FLEX/S-FLEX,4600,ORE@AUB 08/31/2019 07:30PM ET,AUB,6.9
,,,,,,,,,QB,Jaalon Frazier (13218387),Jaalon Frazier,13218387,QB/S-FLEX,4600,GSU@LSU 08/31/2019 07:30PM ET,GSU,0
,,,,,,,,,WR,Keith Gavin (13218343),Keith Gavin,13218343,WR/FLEX/S-FLEX,4600,BSU@FSU 08/31/2019 07:00PM ET,FSU,8.06
,,,,,,,,,QB,Wil Appleton (13218348),Wil Appleton,13218348,QB/S-FLEX,4500,ORE@AUB 08/31/2019 07:30PM ET,AUB,0
,,,,,,,,,QB,Cord Sandberg (13218350),Cord Sandberg,13218350,QB/S-FLEX,4500,ORE@AUB 08/31/2019 07:30PM ET,AUB,4.38
,,,,,,,,,QB,Bradley Yaffe (13218437),Bradley Yaffe,13218437,QB/S-FLEX,4500,ORE@AUB 08/31/2019 07:30PM ET,ORE,0
,,,,,,,,,QB,Cale Millen (13218439),Cale Millen,13218439,QB/S-FLEX,4500,ORE@AUB 08/31/2019 07:30PM ET,ORE,0
,,,,,,,,,WR,Jared Pinkney (13218313),Jared Pinkney,13218313,WR/FLEX/S-FLEX,4500,UGA@VAND 08/31/2019 07:30PM ET,VAND,13.18
,,,,,,,,,QB,Jes Sutherland (13218372),Jes Sutherland,13218372,QB/S-FLEX,4500,UGA@VAND 08/31/2019 07:30PM ET,UGA,0.28
,,,,,,,,,QB,Stetson Bennett (13218374),Stetson Bennett,13218374,QB/S-FLEX,4500,UGA@VAND 08/31/2019 07:30PM ET,UGA,0
,,,,,,,,,QB,Nathan Priestley (13218376),Nathan Priestley,13218376,QB/S-FLEX,4500,UGA@VAND 08/31/2019 07:30PM ET,UGA,0
,,,,,,,,,QB,John Seter (13218378),John Seter,13218378,QB/S-FLEX,4500,UGA@VAND 08/31/2019 07:30PM ET,UGA,0
,,,,,,,,,QB,Allan Walters (13218462),Allan Walters,13218462,QB/S-FLEX,4500,UGA@VAND 08/31/2019 07:30PM ET,VAND,0
,,,,,,,,,QB,Jack Bowen (13218464),Jack Bowen,13218464,QB/S-FLEX,4500,UGA@VAND 08/31/2019 07:30PM ET,VAND,0
,,,,,,,,,QB,Mo Hasan (13218466),Mo Hasan,13218466,QB/S-FLEX,4500,UGA@VAND 08/31/2019 07:30PM ET,VAND,1.20
,,,,,,,,,RB,Wesley Kennedy III (13218382),Wesley Kennedy III,13218382,RB/FLEX/S-FLEX,4500,GSU@LSU 08/31/2019 07:30PM ET,GSU,8.13
,,,,,,,,,QB,Jaden Jenkins (13218385),Jaden Jenkins,13218385,QB/S-FLEX,4500,GSU@LSU 08/31/2019 07:30PM ET,GSU,0
,,,,,,,,,QB,Justin Tomlin (13218389),Justin Tomlin,13218389,QB/S-FLEX,4500,GSU@LSU 08/31/2019 07:30PM ET,GSU,-1.1
,,,,,,,,,QB,AJ Aycock (13218401),AJ Aycock,13218401,QB/S-FLEX,4500,GSU@LSU 08/31/2019 07:30PM ET,LSU,0
,,,,,,,,,QB,Peter Parrish (13218403),Peter Parrish,13218403,QB/S-FLEX,4500,GSU@LSU 08/31/2019 07:30PM ET,LSU,0
,,,,,,,,,QB,Walker Kinney (13218405),Walker Kinney,13218405,QB/S-FLEX,4500,GSU@LSU 08/31/2019 07:30PM ET,LSU,0
,,,,,,,,,QB,John Gordon McKernan (13218407),John Gordon McKernan,13218407,QB/S-FLEX,4500,GSU@LSU 08/31/2019 07:30PM ET,LSU,0
,,,,,,,,,QB,Connor Bazelak (13218431),Connor Bazelak,13218431,QB/S-FLEX,4500,MIZZ@WYO 08/31/2019 07:30PM ET,MIZZ,0
,,,,,,,,,QB,Lindsey Scott Jr. (13218433),Lindsey Scott Jr.,13218433,QB/S-FLEX,4500,MIZZ@WYO 08/31/2019 07:30PM ET,MIZZ,0
,,,,,,,,,RB,Xazavian Valladay (13218480),Xazavian Valladay,13218480,RB/FLEX/S-FLEX,4500,MIZZ@WYO 08/31/2019 07:30PM ET,WYO,7.57
,,,,,,,,,QB,Nick Smith (13218483),Nick Smith,13218483,QB/S-FLEX,4500,MIZZ@WYO 08/31/2019 07:30PM ET,WYO,0
,,,,,,,,,QB,Nick Szpor (13218485),Nick Szpor,13218485,QB/S-FLEX,4500,MIZZ@WYO 08/31/2019 07:30PM ET,WYO,0
,,,,,,,,,QB,Ryan Marquez (13218487),Ryan Marquez,13218487,QB/S-FLEX,4500,MIZZ@WYO 08/31/2019 07:30PM ET,WYO,0
,,,,,,,,,QB,Levi Williams (13218489),Levi Williams,13218489,QB/S-FLEX,4500,MIZZ@WYO 08/31/2019 07:30PM ET,WYO,0
,,,,,,,,,QB,Hank Bachmeier (13218352),Hank Bachmeier,13218352,QB/S-FLEX,4500,BSU@FSU 08/31/2019 07:00PM ET,BSU,0
,,,,,,,,,QB,Zach Matlock (13218356),Zach Matlock,13218356,QB/S-FLEX,4500,BSU@FSU 08/31/2019 07:00PM ET,BSU,0
,,,,,,,,,QB,Riley Smith (13218358),Riley Smith,13218358,QB/S-FLEX,4500,BSU@FSU 08/31/2019 07:00PM ET,BSU,0
,,,,,,,,,QB,Kaiden Bennett (13218360),Kaiden Bennett,13218360,QB/S-FLEX,4500,BSU@FSU 08/31/2019 07:00PM ET,BSU,0
,,,,,,,,,QB,Jordan Travis (13218364),Jordan Travis,13218364,QB/S-FLEX,4500,BSU@FSU 08/31/2019 07:00PM ET,FSU,3.28
,,,,,,,,,QB,Wyatt Rector (13218366),Wyatt Rector,13218366,QB/S-FLEX,4500,BSU@FSU 08/31/2019 07:00PM ET,FSU,0.2
,,,,,,,,,QB,Alex Eleyssami (13218368),Alex Eleyssami,13218368,QB/S-FLEX,4500,BSU@FSU 08/31/2019 07:00PM ET,FSU,0
,,,,,,,,,QB,Gino English (13218370),Gino English,13218370,QB/S-FLEX,4500,BSU@FSU 08/31/2019 07:00PM ET,FSU,0
,,,,,,,,,QB,Nick Patti (13218441),Nick Patti,13218441,QB/S-FLEX,4500,UV@PITT 08/31/2019 07:30PM ET,PITT,0
,,,,,,,,,QB,Jeff George Jr. (13218443),Jeff George Jr.,13218443,QB/S-FLEX,4500,UV@PITT 08/31/2019 07:30PM ET,PITT,0.02
,,,,,,,,,WR,Shocky Jacques-Louis (13218445),Shocky Jacques-Louis,13218445,WR/FLEX/S-FLEX,4500,UV@PITT 08/31/2019 07:30PM ET,PITT,2.55
,,,,,,,,,QB,Davis Beville (13218448),Davis Beville,13218448,QB/S-FLEX,4500,UV@PITT 08/31/2019 07:30PM ET,PITT,0
,,,,,,,,,QB,Eli Kosanovich (13218450),Eli Kosanovich,13218450,QB/S-FLEX,4500,UV@PITT 08/31/2019 07:30PM ET,PITT,0
,,,,,,,,,QB,RJ Harvey (13218470),RJ Harvey,13218470,QB/S-FLEX,4500,UV@PITT 08/31/2019 07:30PM ET,UV,0
,,,,,,,,,QB,Jared Rayman (13218472),Jared Rayman,13218472,QB/S-FLEX,4500,UV@PITT 08/31/2019 07:30PM ET,UV,0
,,,,,,,,,QB,Luke Wentz (13218474),Luke Wentz,13218474,QB/S-FLEX,4500,UV@PITT 08/31/2019 07:30PM ET,UV,0
,,,,,,,,,QB,Lindell Stone (13218476),Lindell Stone,13218476,QB/S-FLEX,4500,UV@PITT 08/31/2019 07:30PM ET,UV,0
,,,,,,,,,QB,Jakson Thomson (13218391),Jakson Thomson,13218391,QB/S-FLEX,4500,LT@UT 08/31/2019 08:00PM ET,LT,0
,,,,,,,,,QB,Logan McFadden (13218393),Logan McFadden,13218393,QB/S-FLEX,4500,LT@UT 08/31/2019 08:00PM ET,LT,0
,,,,,,,,,QB,Aaron Allen (13218397),Aaron Allen,13218397,QB/S-FLEX,4500,LT@UT 08/31/2019 08:00PM ET,LT,2.14
,,,,,,,,,QB,Ben Ballard (13218454),Ben Ballard,13218454,QB/S-FLEX,4500,LT@UT 08/31/2019 08:00PM ET,UT,0
,,,,,,,,,QB,Sam Saxton (13218456),Sam Saxton,13218456,QB/S-FLEX,4500,LT@UT 08/31/2019 08:00PM ET,UT,0
,,,,,,,,,QB,Roschon Johnson (13218458),Roschon Johnson,13218458,QB/S-FLEX,4500,LT@UT 08/31/2019 08:00PM ET,UT,0
,,,,,,,,,QB,Michael Sessa (13218411),Michael Sessa,13218411,QB/S-FLEX,4500,MTSU@MICH 08/31/2019 07:30PM ET,MICH,0
,,,,,,,,,QB,Cade McNamara (13218413),Cade McNamara,13218413,QB/S-FLEX,4500,MTSU@MICH 08/31/2019 07:30PM ET,MICH,0
,,,,,,,,,QB,Ren Hefley (13218415),Ren Hefley,13218415,QB/S-FLEX,4500,MTSU@MICH 08/31/2019 07:30PM ET,MICH,0
,,,,,,,,,QB,Andy Maddox (13218417),Andy Maddox,13218417,QB/S-FLEX,4500,MTSU@MICH 08/31/2019 07:30PM ET,MICH,0
,,,,,,,,,QB,Joe Milton (13218419),Joe Milton,13218419,QB/S-FLEX,4500,MTSU@MICH 08/31/2019 07:30PM ET,MICH,2.60
,,,,,,,,,QB,Jordan Middleton (13218421),Jordan Middleton,13218421,QB/S-FLEX,4500,MTSU@MICH 08/31/2019 07:30PM ET,MTSU,0
,,,,,,,,,QB,Chris Dye (13218423),Chris Dye,13218423,QB/S-FLEX,4500,MTSU@MICH 08/31/2019 07:30PM ET,MTSU,0
,,,,,,,,,QB,Alec Ogden (13218425),Alec Ogden,13218425,QB/S-FLEX,4500,MTSU@MICH 08/31/2019 07:30PM ET,MTSU,0
,,,,,,,,,QB,Joey Cambron (13218427),Joey Cambron,13218427,QB/S-FLEX,4500,MTSU@MICH 08/31/2019 07:30PM ET,MTSU,0
,,,,,,,,,WR,Mycah Pittman (13218497),Mycah Pittman,13218497,WR/FLEX/S-FLEX,4400,ORE@AUB 08/31/2019 07:30PM ET,ORE,0
,,,,,,,,,WR,Matt Landers (13218494),Matt Landers,13218494,WR/FLEX/S-FLEX,4400,UGA@VAND 08/31/2019 07:30PM ET,UGA,0
,,,,,,,,,RB,Jamauri Wakefield (13218500),Jamauri Wakefield,13218500,RB/FLEX/S-FLEX,4400,UGA@VAND 08/31/2019 07:30PM ET,VAND,4.42
,,,,,,,,,WR,Khalil Shakir (13218491),Khalil Shakir,13218491,WR/FLEX/S-FLEX,4400,BSU@FSU 08/31/2019 07:00PM ET,BSU,5.24
,,,,,,,,,RB,Logan Wright (13218503),Logan Wright,13218503,RB/FLEX/S-FLEX,4300,GSU@LSU 08/31/2019 07:30PM ET,GSU,5.18
,,,,,,,,,RB,Trey Smith (13218509),Trey Smith,13218509,RB/FLEX/S-FLEX,4300,MIZZ@WYO 08/31/2019 07:30PM ET,WYO,9.53
,,,,,,,,,WR,C.J. Johnson (13218512),C.J. Johnson,13218512,WR/FLEX/S-FLEX,4300,MIZZ@WYO 08/31/2019 07:30PM ET,WYO,0
,,,,,,,,,WR,Zack Dobson (13218506),Zack Dobson,13218506,WR/FLEX/S-FLEX,4300,MTSU@MICH 08/31/2019 07:30PM ET,MTSU,11.79
,,,,,,,,,RB,Shaun Shivers (13218518),Shaun Shivers,13218518,RB/FLEX/S-FLEX,4200,ORE@AUB 08/31/2019 07:30PM ET,AUB,4.56
,,,,,,,,,WR,Justice Shelton-Mosley (13218515),Justice Shelton-Mosley,13218515,WR/FLEX/S-FLEX,4200,UGA@VAND 08/31/2019 07:30PM ET,VAND,14.18
,,,,,,,,,WR,George Pickens (13218524),George Pickens,13218524,WR/FLEX/S-FLEX,4200,UGA@VAND 08/31/2019 07:30PM ET,UGA,0
,,,,,,,,,RB,George Holani (13218521),George Holani,13218521,RB/FLEX/S-FLEX,4200,BSU@FSU 08/31/2019 07:00PM ET,BSU,0
,,,,,,,,,WR,Malcolm Epps (13218527),Malcolm Epps,13218527,WR/FLEX/S-FLEX,4200,LT@UT 08/31/2019 08:00PM ET,UT,2.8
,,,,,,,,,WR,C.J. Bolar (13218545),C.J. Bolar,13218545,WR/FLEX/S-FLEX,4100,UGA@VAND 08/31/2019 07:30PM ET,VAND,8.4
,,,,,,,,,WR,Stephen Sullivan (13218536),Stephen Sullivan,13218536,WR/FLEX/S-FLEX,4100,GSU@LSU 08/31/2019 07:30PM ET,LSU,7.33
,,,,,,,,,WR,Tre' McKitty (13218530),Tre' McKitty,13218530,WR/FLEX/S-FLEX,4100,BSU@FSU 08/31/2019 07:00PM ET,FSU,6.26
,,,,,,,,,RB,Lamont Atkins (13218548),Lamont Atkins,13218548,RB/FLEX/S-FLEX,4100,UV@PITT 08/31/2019 07:30PM ET,UV,0.88
,,,,,,,,,WR,Smoke Harris (13218533),Smoke Harris,13218533,WR/FLEX/S-FLEX,4100,LT@UT 08/31/2019 08:00PM ET,LT,6.8
,,,,,,,,,WR,Ronnie Bell (13218539),Ronnie Bell,13218539,WR/FLEX/S-FLEX,4100,MTSU@MICH 08/31/2019 07:30PM ET,MICH,4.29
,,,,,,,,,RB,Terelle West (13218542),Terelle West,13218542,RB/FLEX/S-FLEX,4100,MTSU@MICH 08/31/2019 07:30PM ET,MTSU,5.91
,,,,,,,,,RB,Malik Miller (13218551),Malik Miller,13218551,RB/FLEX/S-FLEX,4000,ORE@AUB 08/31/2019 07:30PM ET,AUB,5.82
,,,,,,,,,RB,Cyrus Habibi-Likio (13218566),Cyrus Habibi-Likio,13218566,RB/FLEX/S-FLEX,4000,ORE@AUB 08/31/2019 07:30PM ET,ORE,7.6
,,,,,,,,,WR,Cody Markel (13218572),Cody Markel,13218572,WR/FLEX/S-FLEX,4000,UGA@VAND 08/31/2019 07:30PM ET,VAND,7.2
,,,,,,,,,WR,Derrick Dillon (13218554),Derrick Dillon,13218554,WR/FLEX/S-FLEX,4000,GSU@LSU 08/31/2019 07:30PM ET,LSU,7.2
,,,,,,,,,RB,Lanard Fournette (13218557),Lanard Fournette,13218557,RB/FLEX/S-FLEX,4000,GSU@LSU 08/31/2019 07:30PM ET,LSU,7.02
,,,,,,,,,RB,Simi Bakare (13218563),Simi Bakare,13218563,RB/FLEX/S-FLEX,4000,MIZZ@WYO 08/31/2019 07:30PM ET,MIZZ,3.77
,,,,,,,,,WR,James Price (13218578),James Price,13218578,WR/FLEX/S-FLEX,4000,MIZZ@WYO 08/31/2019 07:30PM ET,WYO,7.25
,,,,,,,,,WR,Terrell Jana (13218575),Terrell Jana,13218575,WR/FLEX/S-FLEX,4000,UV@PITT 08/31/2019 07:30PM ET,UV,5.35
,,,,,,,,,WR,Brennan Eagles (13218569),Brennan Eagles,13218569,WR/FLEX/S-FLEX,4000,LT@UT 08/31/2019 08:00PM ET,UT,4.5
,,,,,,,,,RB,Brad Anderson (13218560),Brad Anderson,13218560,RB/FLEX/S-FLEX,4000,MTSU@MICH 08/31/2019 07:30PM ET,MTSU,13.4
,,,,,,,,,WR,Amir Abdur-Rahman (13218590),Amir Abdur-Rahman,13218590,WR/FLEX/S-FLEX,3900,UGA@VAND 08/31/2019 07:30PM ET,VAND,6.93
,,,,,,,,,RB,Chris Curry (13218587),Chris Curry,13218587,RB/FLEX/S-FLEX,3900,GSU@LSU 08/31/2019 07:30PM ET,LSU,0.05
,,,,,,,,,RB,Robert Mahone (13218581),Robert Mahone,13218581,RB/FLEX/S-FLEX,3900,BSU@FSU 08/31/2019 07:00PM ET,BSU,3.34
,,,,,,,,,RB,Israel Tucker (13218584),Israel Tucker,13218584,RB/FLEX/S-FLEX,3900,LT@UT 08/31/2019 08:00PM ET,LT,7.26
,,,,,,,,,WR,Kearis Jackson (13218593),Kearis Jackson,13218593,WR/FLEX/S-FLEX,3800,UGA@VAND 08/31/2019 07:30PM ET,UGA,0.6
,,,,,,,,,WR,Cam Johnson (13218611),Cam Johnson,13218611,WR/FLEX/S-FLEX,3800,UGA@VAND 08/31/2019 07:30PM ET,VAND,2.12
,,,,,,,,,WR,Darion Anderson (13218596),Darion Anderson,13218596,WR/FLEX/S-FLEX,3800,GSU@LSU 08/31/2019 07:30PM ET,GSU,6.6
,,,,,,,,,RB,J.D. King (13218599),J.D. King,13218599,RB/FLEX/S-FLEX,3800,GSU@LSU 08/31/2019 07:30PM ET,GSU,5.31
,,,,,,,,,WR,Jamal Pettigrew (13218605),Jamal Pettigrew,13218605,WR/FLEX/S-FLEX,3800,GSU@LSU 08/31/2019 07:30PM ET,LSU,0
,,,,,,,,,WR,Austin Conway (13218614),Austin Conway,13218614,WR/FLEX/S-FLEX,3800,MIZZ@WYO 08/31/2019 07:30PM ET,WYO,6.42
,,,,,,,,,WR,Octavius Evans (13218617),Octavius Evans,13218617,WR/FLEX/S-FLEX,3800,BSU@FSU 08/31/2019 07:00PM ET,BSU,1.6
,,,,,,,,,WR,Malik Stanley (13218602),Malik Stanley,13218602,WR/FLEX/S-FLEX,3800,LT@UT 08/31/2019 08:00PM ET,LT,0
,,,,,,,,,WR,John Burt (13218608),John Burt,13218608,WR/FLEX/S-FLEX,3800,LT@UT 08/31/2019 08:00PM ET,UT,1.9
,,,,,,,,,WR,Eli Stove (13218620),Eli Stove,13218620,WR/FLEX/S-FLEX,3700,ORE@AUB 08/31/2019 07:30PM ET,AUB,2.35
,,,,,,,,,WR,Will Hastings (13218623),Will Hastings,13218623,WR/FLEX/S-FLEX,3700,ORE@AUB 08/31/2019 07:30PM ET,AUB,0
,,,,,,,,,WR,Colby Ransom (13218626),Colby Ransom,13218626,WR/FLEX/S-FLEX,3700,GSU@LSU 08/31/2019 07:30PM ET,GSU,5.64
,,,,,,,,,WR,Mark Michaud (13218629),Mark Michaud,13218629,WR/FLEX/S-FLEX,3700,GSU@LSU 08/31/2019 07:30PM ET,GSU,5.55
,,,,,,,,,WR,Dee Anderson (13218632),Dee Anderson,13218632,WR/FLEX/S-FLEX,3700,GSU@LSU 08/31/2019 07:30PM ET,LSU,6.92
,,,,,,,,,WR,Dominic Gicinto (13218638),Dominic Gicinto,13218638,WR/FLEX/S-FLEX,3700,MIZZ@WYO 08/31/2019 07:30PM ET,MIZZ,4.9
,,,,,,,,,WR,Raghib Ismail Jr. (13218650),Raghib Ismail Jr.,13218650,WR/FLEX/S-FLEX,3700,MIZZ@WYO 08/31/2019 07:30PM ET,WYO,6.25
,,,,,,,,,RB,Mychale Salahuddin (13218641),Mychale Salahuddin,13218641,RB/FLEX/S-FLEX,3700,UV@PITT 08/31/2019 07:30PM ET,PITT,1.85
,,,,,,,,,RB,Chris Sharp (13218647),Chris Sharp,13218647,RB/FLEX/S-FLEX,3700,UV@PITT 08/31/2019 07:30PM ET,UV,3.03
,,,,,,,,,RB,Daniel Young (13218644),Daniel Young,13218644,RB/FLEX/S-FLEX,3700,LT@UT 08/31/2019 08:00PM ET,UT,1.42
,,,,,,,,,WR,Jake McCurry (13218635),Jake McCurry,13218635,WR/FLEX/S-FLEX,3700,MTSU@MICH 08/31/2019 07:30PM ET,MICH,5.65
,,,,,,,,,WR,Sal Cannella (13218653),Sal Cannella,13218653,WR/FLEX/S-FLEX,3600,ORE@AUB 08/31/2019 07:30PM ET,AUB,5.14
,,,,,,,,,WR,Johnny Johnson III (13218680),Johnny Johnson III,13218680,WR/FLEX/S-FLEX,3600,ORE@AUB 08/31/2019 07:30PM ET,ORE,6.25
,,,,,,,,,RB,Darrian Felix (13218683),Darrian Felix,13218683,RB/FLEX/S-FLEX,3600,ORE@AUB 08/31/2019 07:30PM ET,ORE,2.9
,,,,,,,,,RB,Zamir White (13218659),Zamir White,13218659,RB/FLEX/S-FLEX,3600,UGA@VAND 08/31/2019 07:30PM ET,UGA,0
,,,,,,,,,RB,Ja'Veon Marlow (13218695),Ja'Veon Marlow,13218695,RB/FLEX/S-FLEX,3600,UGA@VAND 08/31/2019 07:30PM ET,VAND,1.53
,,,,,,,,,WR,Cam Brown (13218662),Cam Brown,13218662,WR/FLEX/S-FLEX,3600,GSU@LSU 08/31/2019 07:30PM ET,GSU,7.5
,,,,,,,,,RB,Anthony Grant (13218656),Anthony Grant,13218656,RB/FLEX/S-FLEX,3600,BSU@FSU 08/31/2019 07:00PM ET,FSU,0
,,,,,,,,,WR,Tanner Cowley (13218698),Tanner Cowley,13218698,WR/FLEX/S-FLEX,3600,UV@PITT 08/31/2019 07:30PM ET,UV,2.7
,,,,,,,,,RB,Bobby Holly (13218665),Bobby Holly,13218665,RB/FLEX/S-FLEX,3600,LT@UT 08/31/2019 08:00PM ET,LT,4.18
,,,,,,,,,RB,Justin Henderson (13218668),Justin Henderson,13218668,RB/FLEX/S-FLEX,3600,LT@UT 08/31/2019 08:00PM ET,LT,2.54
,,,,,,,,,RB,Kirk Johnson (13218686),Kirk Johnson,13218686,RB/FLEX/S-FLEX,3600,LT@UT 08/31/2019 08:00PM ET,UT,0
,,,,,,,,,WR,Joshua Moore (13218689),Joshua Moore,13218689,WR/FLEX/S-FLEX,3600,LT@UT 08/31/2019 08:00PM ET,UT,4.58
,,,,,,,,,WR,Cade Brewer (13218692),Cade Brewer,13218692,WR/FLEX/S-FLEX,3600,LT@UT 08/31/2019 08:00PM ET,UT,1.95
,,,,,,,,,WR,Sean McKeon (13218671),Sean McKeon,13218671,WR/FLEX/S-FLEX,3600,MTSU@MICH 08/31/2019 07:30PM ET,MICH,4.6
,,,,,,,,,WR,Nick Eubanks (13218674),Nick Eubanks,13218674,WR/FLEX/S-FLEX,3600,MTSU@MICH 08/31/2019 07:30PM ET,MICH,4.95
,,,,,,,,,RB,Maurice Gordon (13218677),Maurice Gordon,13218677,RB/FLEX/S-FLEX,3600,MTSU@MICH 08/31/2019 07:30PM ET,MTSU,0.82
,,,,,,,,,RB,Jay Jay Wilson (13218701),Jay Jay Wilson,13218701,RB/FLEX/S-FLEX,3500,ORE@AUB 08/31/2019 07:30PM ET,AUB,0
,,,,,,,,,WR,Tommy Bush (13218713),Tommy Bush,13218713,WR/FLEX/S-FLEX,3500,UGA@VAND 08/31/2019 07:30PM ET,UGA,0
,,,,,,,,,WR,Barrett Banister (13218722),Barrett Banister,13218722,WR/FLEX/S-FLEX,3500,MIZZ@WYO 08/31/2019 07:30PM ET,MIZZ,3.36
,,,,,,,,,RB,Jeff Burroughs (13218731),Jeff Burroughs,13218731,RB/FLEX/S-FLEX,3500,MIZZ@WYO 08/31/2019 07:30PM ET,WYO,0
,,,,,,,,,WR,Akilian Butler (13218704),Akilian Butler,13218704,WR/FLEX/S-FLEX,3500,BSU@FSU 08/31/2019 07:00PM ET,BSU,4.78
,,,,,,,,,WR,John Bates (13218707),John Bates,13218707,WR/FLEX/S-FLEX,3500,BSU@FSU 08/31/2019 07:00PM ET,BSU,5.25
,,,,,,,,,WR,Gabe Nabers (13218710),Gabe Nabers,13218710,WR/FLEX/S-FLEX,3500,BSU@FSU 08/31/2019 07:00PM ET,FSU,3.8
,,,,,,,,,WR,Aaron Mathews (13218725),Aaron Mathews,13218725,WR/FLEX/S-FLEX,3500,UV@PITT 08/31/2019 07:30PM ET,PITT,3.5
,,,,,,,,,WR,Terrell Chatman (13218728),Terrell Chatman,13218728,WR/FLEX/S-FLEX,3500,UV@PITT 08/31/2019 07:30PM ET,UV,5
,,,,,,,,,WR,Isaiah Graham (13218716),Isaiah Graham,13218716,WR/FLEX/S-FLEX,3500,LT@UT 08/31/2019 08:00PM ET,LT,0
,,,,,,,,,WR,Jocquez Bruce (13218719),Jocquez Bruce,13218719,WR/FLEX/S-FLEX,3500,MTSU@MICH 08/31/2019 07:30PM ET,MTSU,4.83
,,,,,,,,,RB,D.J. Williams (13218734),D.J. Williams,13218734,RB/FLEX/S-FLEX,3400,ORE@AUB 08/31/2019 07:30PM ET,AUB,0
,,,,,,,,,WR,Charlie Woerner (13218740),Charlie Woerner,13218740,WR/FLEX/S-FLEX,3400,UGA@VAND 08/31/2019 07:30PM ET,UGA,3.22
,,,,,,,,,RB,Matt LaRoche (13218743),Matt LaRoche,13218743,RB/FLEX/S-FLEX,3400,GSU@LSU 08/31/2019 07:30PM ET,GSU,1.72
,,,,,,,,,WR,Malik Murray (13218746),Malik Murray,13218746,WR/FLEX/S-FLEX,3400,GSU@LSU 08/31/2019 07:30PM ET,GSU,2.57
,,,,,,,,,WR,Alex Ofodile (13218758),Alex Ofodile,13218758,WR/FLEX/S-FLEX,3400,MIZZ@WYO 08/31/2019 07:30PM ET,MIZZ,0
,,,,,,,,,WR,John Okwoli (13218764),John Okwoli,13218764,WR/FLEX/S-FLEX,3400,MIZZ@WYO 08/31/2019 07:30PM ET,WYO,2.03
,,,,,,,,,WR,Garrett Collingham (13218737),Garrett Collingham,13218737,WR/FLEX/S-FLEX,3400,BSU@FSU 08/31/2019 07:00PM ET,BSU,5.8
,,,,,,,,,WR,Dontavius Butler-Jenkins (13218761),Dontavius Butler-Jenkins,13218761,WR/FLEX/S-FLEX,3400,UV@PITT 08/31/2019 07:30PM ET,PITT,2.6
,,,,,,,,,WR,George Scott (13218749),George Scott,13218749,WR/FLEX/S-FLEX,3400,LT@UT 08/31/2019 08:00PM ET,LT,6.06
,,,,,,,,,WR,Javonte Woodard (13218752),Javonte Woodard,13218752,WR/FLEX/S-FLEX,3400,LT@UT 08/31/2019 08:00PM ET,LT,2.24
,,,,,,,,,WR,Mike Sainristil (13218755),Mike Sainristil,13218755,WR/FLEX/S-FLEX,3400,MTSU@MICH 08/31/2019 07:30PM ET,MICH,0
,,,,,,,,,WR,John Samuel Shenker (13218767),John Samuel Shenker,13218767,WR/FLEX/S-FLEX,3300,ORE@AUB 08/31/2019 07:30PM ET,AUB,4.33
,,,,,,,,,WR,Justin Collins (13218803),Justin Collins,13218803,WR/FLEX/S-FLEX,3300,ORE@AUB 08/31/2019 07:30PM ET,ORE,3.2
,,,,,,,,,WR,Eli Wolf (13218776),Eli Wolf,13218776,WR/FLEX/S-FLEX,3300,UGA@VAND 08/31/2019 07:30PM ET,UGA,2.8
,,,,,,,,,WR,Dominick Blaylock (13218779),Dominick Blaylock,13218779,WR/FLEX/S-FLEX,3300,UGA@VAND 08/31/2019 07:30PM ET,UGA,0
,,,,,,,,,WR,Chris Pierce (13218806),Chris Pierce,13218806,WR/FLEX/S-FLEX,3300,UGA@VAND 08/31/2019 07:30PM ET,VAND,3.42
,,,,,,,,,RB,Mitchell Pryor (13218809),Mitchell Pryor,13218809,RB/FLEX/S-FLEX,3300,UGA@VAND 08/31/2019 07:30PM ET,VAND,0
,,,,,,,,,WR,Dexter Carter Jr. (13218782),Dexter Carter Jr.,13218782,WR/FLEX/S-FLEX,3300,GSU@LSU 08/31/2019 07:30PM ET,GSU,0
,,,,,,,,,RB,Tory Carter (13218788),Tory Carter,13218788,RB/FLEX/S-FLEX,3300,GSU@LSU 08/31/2019 07:30PM ET,LSU,2.86
,,,,,,,,,WR,Jonathan Nance (13218797),Jonathan Nance,13218797,WR/FLEX/S-FLEX,3300,MIZZ@WYO 08/31/2019 07:30PM ET,MIZZ,0.8
,,,,,,,,,WR,Daniel Parker Jr. (13218800),Daniel Parker Jr.,13218800,WR/FLEX/S-FLEX,3300,MIZZ@WYO 08/31/2019 07:30PM ET,MIZZ,4.58
,,,,,,,,,RB,Titus Swen (13218818),Titus Swen,13218818,RB/FLEX/S-FLEX,3300,MIZZ@WYO 08/31/2019 07:30PM ET,WYO,0
,,,,,,,,,WR,Ayden Eberhardt (13218821),Ayden Eberhardt,13218821,WR/FLEX/S-FLEX,3300,MIZZ@WYO 08/31/2019 07:30PM ET,WYO,1.74
,,,,,,,,,RB,Danny Smith (13218770),Danny Smith,13218770,RB/FLEX/S-FLEX,3300,BSU@FSU 08/31/2019 07:00PM ET,BSU,0
,,,,,,,,,WR,Tre'Shaun Harrison (13218773),Tre'Shaun Harrison,13218773,WR/FLEX/S-FLEX,3300,BSU@FSU 08/31/2019 07:00PM ET,FSU,3.56
,,,,,,,,,RB,Wayne Taulapapa (13218812),Wayne Taulapapa,13218812,RB/FLEX/S-FLEX,3300,UV@PITT 08/31/2019 07:30PM ET,UV,0
,,,,,,,,,WR,Christian Baumgardner (13218815),Christian Baumgardner,13218815,WR/FLEX/S-FLEX,3300,UV@PITT 08/31/2019 07:30PM ET,UV,0
,,,,,,,,,WR,Will Gragg (13218824),Will Gragg,13218824,WR/FLEX/S-FLEX,3300,UV@PITT 08/31/2019 07:30PM ET,PITT,2.7
,,,,,,,,,WR,Cee Jay Powell (13218785),Cee Jay Powell,13218785,WR/FLEX/S-FLEX,3300,LT@UT 08/31/2019 08:00PM ET,LT,3.39
,,,,,,,,,WR,Jimmy Marshall (13218791),Jimmy Marshall,13218791,WR/FLEX/S-FLEX,3300,MTSU@MICH 08/31/2019 07:30PM ET,MTSU,3.92
,,,,,,,,,WR,Isiah Upton (13218794),Isiah Upton,13218794,WR/FLEX/S-FLEX,3300,MTSU@MICH 08/31/2019 07:30PM ET,MTSU,5.57
,,,,,,,,,WR,Shedrick Jackson (13218827),Shedrick Jackson,13218827,WR/FLEX/S-FLEX,3200,ORE@AUB 08/31/2019 07:30PM ET,AUB,1.75
,,,,,,,,,RB,Prather Hudson (13218833),Prather Hudson,13218833,RB/FLEX/S-FLEX,3200,UGA@VAND 08/31/2019 07:30PM ET,UGA,1.78
,,,,,,,,,WR,NaJee Thompson (13218836),NaJee Thompson,13218836,WR/FLEX/S-FLEX,3200,GSU@LSU 08/31/2019 07:30PM ET,GSU,1.07
,,,,,,,,,WR,Racey McMath (13218839),Racey McMath,13218839,WR/FLEX/S-FLEX,3200,GSU@LSU 08/31/2019 07:30PM ET,LSU,6.2
,,,,,,,,,WR,Josh Harshman (13218851),Josh Harshman,13218851,WR/FLEX/S-FLEX,3200,MIZZ@WYO 08/31/2019 07:30PM ET,WYO,3.05
,,,,,,,,,WR,Nate Weinman (13218854),Nate Weinman,13218854,WR/FLEX/S-FLEX,3200,MIZZ@WYO 08/31/2019 07:30PM ET,WYO,0
,,,,,,,,,RB,Keegan Duncan (13218830),Keegan Duncan,13218830,RB/FLEX/S-FLEX,3200,BSU@FSU 08/31/2019 07:00PM ET,BSU,0
,,,,,,,,,WR,Tre Tipton (13218842),Tre Tipton,13218842,WR/FLEX/S-FLEX,3200,UV@PITT 08/31/2019 07:30PM ET,PITT,3.07
,,,,,,,,,WR,Jim Medure (13218845),Jim Medure,13218845,WR/FLEX/S-FLEX,3200,UV@PITT 08/31/2019 07:30PM ET,PITT,2.95
,,,,,,,,,WR,Ben Hogg (13218848),Ben Hogg,13218848,WR/FLEX/S-FLEX,3200,UV@PITT 08/31/2019 07:30PM ET,UV,2.8
,,,,,,,,,RB,Daniel Carter (13218857),Daniel Carter,13218857,RB/FLEX/S-FLEX,3200,UV@PITT 08/31/2019 07:30PM ET,PITT,0
,,,,,,,,,RB,Mark-Antony Richards (13218860),Mark-Antony Richards,13218860,RB/FLEX/S-FLEX,3100,ORE@AUB 08/31/2019 07:30PM ET,AUB,0
,,,,,,,,,WR,Tavares Kelly Jr. (13218863),Tavares Kelly Jr.,13218863,WR/FLEX/S-FLEX,3100,UV@PITT 08/31/2019 07:30PM ET,UV,2.11
,,,,,,,,,RB,Jacob Jasinski (13218868),Jacob Jasinski,13218868,RB/FLEX/S-FLEX,3000,ORE@AUB 08/31/2019 07:30PM ET,AUB,0
,,,,,,,,,RB,Payton Anderson (13218871),Payton Anderson,13218871,RB/FLEX/S-FLEX,3000,ORE@AUB 08/31/2019 07:30PM ET,AUB,0
,,,,,,,,,RB,Spencer Nigh (13218874),Spencer Nigh,13218874,RB/FLEX/S-FLEX,3000,ORE@AUB 08/31/2019 07:30PM ET,AUB,0
,,,,,,,,,RB,Devan Barrett (13218877),Devan Barrett,13218877,RB/FLEX/S-FLEX,3000,ORE@AUB 08/31/2019 07:30PM ET,AUB,0
,,,,,,,,,WR,James Owens Moss (13218880),James Owens Moss,13218880,WR/FLEX/S-FLEX,3000,ORE@AUB 08/31/2019 07:30PM ET,AUB,0.5
,,,,,,,,,WR,Marquis McClain (13218883),Marquis McClain,13218883,WR/FLEX/S-FLEX,3000,ORE@AUB 08/31/2019 07:30PM ET,AUB,0
,,,,,,,,,WR,Pace Ozmint (13218886),Pace Ozmint,13218886,WR/FLEX/S-FLEX,3000,ORE@AUB 08/31/2019 07:30PM ET,AUB,0
,,,,,,,,,WR,Phelps Gambill (13218889),Phelps Gambill,13218889,WR/FLEX/S-FLEX,3000,ORE@AUB 08/31/2019 07:30PM ET,AUB,0
,,,,,,,,,WR,Malcolm Russell (13218892),Malcolm Russell,13218892,WR/FLEX/S-FLEX,3000,ORE@AUB 08/31/2019 07:30PM ET,AUB,0
,,,,,,,,,WR,Jackson McFadden (13218895),Jackson McFadden,13218895,WR/FLEX/S-FLEX,3000,ORE@AUB 08/31/2019 07:30PM ET,AUB,0
,,,,,,,,,WR,Cameron Payne (13218898),Cameron Payne,13218898,WR/FLEX/S-FLEX,3000,ORE@AUB 08/31/2019 07:30PM ET,AUB,0
,,,,,,,,,WR,Tyler Fromm (13218901),Tyler Fromm,13218901,WR/FLEX/S-FLEX,3000,ORE@AUB 08/31/2019 07:30PM ET,AUB,0
,,,,,,,,,WR,Luke Deal (13218904),Luke Deal,13218904,WR/FLEX/S-FLEX,3000,ORE@AUB 08/31/2019 07:30PM ET,AUB,0
,,,,,,,,,WR,Jashawn Sheffield (13218907),Jashawn Sheffield,13218907,WR/FLEX/S-FLEX,3000,ORE@AUB 08/31/2019 07:30PM ET,AUB,0
,,,,,,,,,WR,Ja'Varrius Johnson (13218910),Ja'Varrius Johnson,13218910,WR/FLEX/S-FLEX,3000,ORE@AUB 08/31/2019 07:30PM ET,AUB,0
,,,,,,,,,WR,Tommy Nesmith (13218913),Tommy Nesmith,13218913,WR/FLEX/S-FLEX,3000,ORE@AUB 08/31/2019 07:30PM ET,AUB,0
,,,,,,,,,RB,KJ Maduike (13219438),KJ Maduike,13219438,RB/FLEX/S-FLEX,3000,ORE@AUB 08/31/2019 07:30PM ET,ORE,0
,,,,,,,,,RB,Jayvaun Wilson (13219441),Jayvaun Wilson,13219441,RB/FLEX/S-FLEX,3000,ORE@AUB 08/31/2019 07:30PM ET,ORE,0
,,,,,,,,,RB,Sean Dollars (13219444),Sean Dollars,13219444,RB/FLEX/S-FLEX,3000,ORE@AUB 08/31/2019 07:30PM ET,ORE,0
,,,,,,,,,RB,Cross Patton (13219447),Cross Patton,13219447,RB/FLEX/S-FLEX,3000,ORE@AUB 08/31/2019 07:30PM ET,ORE,0
,,,,,,,,,RB,Noah Dahl (13219450),Noah Dahl,13219450,RB/FLEX/S-FLEX,3000,ORE@AUB 08/31/2019 07:30PM ET,ORE,0
,,,,,,,,,WR,Kyle Buckner (13219453),Kyle Buckner,13219453,WR/FLEX/S-FLEX,3000,ORE@AUB 08/31/2019 07:30PM ET,ORE,0
,,,,,,,,,WR,Matt Mariota (13219456),Matt Mariota,13219456,WR/FLEX/S-FLEX,3000,ORE@AUB 08/31/2019 07:30PM ET,ORE,0
,,,,,,,,,WR,Ryan Bay (13219459),Ryan Bay,13219459,WR/FLEX/S-FLEX,3000,ORE@AUB 08/31/2019 07:30PM ET,ORE,2.34
,,,,,,,,,WR,Hunter Kampmoyer (13219462),Hunter Kampmoyer,13219462,WR/FLEX/S-FLEX,3000,ORE@AUB 08/31/2019 07:30PM ET,ORE,0.47
,,,,,,,,,WR,Cam McCormick (13219465),Cam McCormick,13219465,WR/FLEX/S-FLEX,3000,ORE@AUB 08/31/2019 07:30PM ET,ORE,0.8
,,,,,,,,,WR,Jack Vecchi (13219468),Jack Vecchi,13219468,WR/FLEX/S-FLEX,3000,ORE@AUB 08/31/2019 07:30PM ET,ORE,0
,,,,,,,,,WR,Bryan Addison (13219471),Bryan Addison,13219471,WR/FLEX/S-FLEX,3000,ORE@AUB 08/31/2019 07:30PM ET,ORE,2.2
,,,,,,,,,WR,Isaah Crocker (13219474),Isaah Crocker,13219474,WR/FLEX/S-FLEX,3000,ORE@AUB 08/31/2019 07:30PM ET,ORE,0
,,,,,,,,,WR,Tevin Jeannis (13219477),Tevin Jeannis,13219477,WR/FLEX/S-FLEX,3000,ORE@AUB 08/31/2019 07:30PM ET,ORE,0
,,,,,,,,,WR,JJ Tucker (13219480),JJ Tucker,13219480,WR/FLEX/S-FLEX,3000,ORE@AUB 08/31/2019 07:30PM ET,ORE,0
,,,,,,,,,WR,Spencer Webb (13219483),Spencer Webb,13219483,WR/FLEX/S-FLEX,3000,ORE@AUB 08/31/2019 07:30PM ET,ORE,0
,,,,,,,,,WR,Korbin Williams (13219486),Korbin Williams,13219486,WR/FLEX/S-FLEX,3000,ORE@AUB 08/31/2019 07:30PM ET,ORE,0
,,,,,,,,,WR,Vincenzo Logan (13219489),Vincenzo Logan,13219489,WR/FLEX/S-FLEX,3000,ORE@AUB 08/31/2019 07:30PM ET,ORE,0
,,,,,,,,,WR,Josh Delgado (13219492),Josh Delgado,13219492,WR/FLEX/S-FLEX,3000,ORE@AUB 08/31/2019 07:30PM ET,ORE,0
,,,,,,,,,WR,Patrick Herbert (13219495),Patrick Herbert,13219495,WR/FLEX/S-FLEX,3000,ORE@AUB 08/31/2019 07:30PM ET,ORE,0
,,,,,,,,,WR,JR Waters (13219498),JR Waters,13219498,WR/FLEX/S-FLEX,3000,ORE@AUB 08/31/2019 07:30PM ET,ORE,0
,,,,,,,,,WR,Lance Wilhoite (13219501),Lance Wilhoite,13219501,WR/FLEX/S-FLEX,3000,ORE@AUB 08/31/2019 07:30PM ET,ORE,0
,,,,,,,,,WR,Tyler Nanney (13219504),Tyler Nanney,13219504,WR/FLEX/S-FLEX,3000,ORE@AUB 08/31/2019 07:30PM ET,ORE,0
,,,,,,,,,RB,Garrett Jones (13219006),Garrett Jones,13219006,RB/FLEX/S-FLEX,3000,UGA@VAND 08/31/2019 07:30PM ET,UGA,0
,,,,,,,,,RB,Vaughn Clark (13219009),Vaughn Clark,13219009,RB/FLEX/S-FLEX,3000,UGA@VAND 08/31/2019 07:30PM ET,UGA,0
,,,,,,,,,RB,KJ McCoy (13219012),KJ McCoy,13219012,RB/FLEX/S-FLEX,3000,UGA@VAND 08/31/2019 07:30PM ET,UGA,0
,,,,,,,,,RB,Anthony Summey (13219015),Anthony Summey,13219015,RB/FLEX/S-FLEX,3000,UGA@VAND 08/31/2019 07:30PM ET,UGA,0
,,,,,,,,,RB,Kenny McIntosh (13219018),Kenny McIntosh,13219018,RB/FLEX/S-FLEX,3000,UGA@VAND 08/31/2019 07:30PM ET,UGA,0
,,,,,,,,,RB,Ian Donald-McIntyre (13219021),Ian Donald-McIntyre,13219021,RB/FLEX/S-FLEX,3000,UGA@VAND 08/31/2019 07:30PM ET,UGA,0.73
,,,,,,,,,RB,Darius Jackson (13219024),Darius Jackson,13219024,RB/FLEX/S-FLEX,3000,UGA@VAND 08/31/2019 07:30PM ET,UGA,0
,,,,,,,,,WR,Josh Moran (13219027),Josh Moran,13219027,WR/FLEX/S-FLEX,3000,UGA@VAND 08/31/2019 07:30PM ET,UGA,0
,,,,,,,,,WR,Willie Erdman (13219030),Willie Erdman,13219030,WR/FLEX/S-FLEX,3000,UGA@VAND 08/31/2019 07:30PM ET,UGA,0.85
,,,,,,,,,WR,Patrick Burke (13219033),Patrick Burke,13219033,WR/FLEX/S-FLEX,3000,UGA@VAND 08/31/2019 07:30PM ET,UGA,0
,,,,,,,,,WR,Jarrett Freeland (13219036),Jarrett Freeland,13219036,WR/FLEX/S-FLEX,3000,UGA@VAND 08/31/2019 07:30PM ET,UGA,0
,,,,,,,,,WR,Trey Blount (13219039),Trey Blount,13219039,WR/FLEX/S-FLEX,3000,UGA@VAND 08/31/2019 07:30PM ET,UGA,2.3
,,,,,,,,,WR,Kolby Wyatt (13219042),Kolby Wyatt,13219042,WR/FLEX/S-FLEX,3000,UGA@VAND 08/31/2019 07:30PM ET,UGA,0
,,,,,,,,,WR,Cameron Moore (13219045),Cameron Moore,13219045,WR/FLEX/S-FLEX,3000,UGA@VAND 08/31/2019 07:30PM ET,UGA,0
,,,,,,,,,WR,Reid Tulowitzky (13219048),Reid Tulowitzky,13219048,WR/FLEX/S-FLEX,3000,UGA@VAND 08/31/2019 07:30PM ET,UGA,0
,,,,,,,,,WR,Mitchell Werntz (13219051),Mitchell Werntz,13219051,WR/FLEX/S-FLEX,3000,UGA@VAND 08/31/2019 07:30PM ET,UGA,0
,,,,,,,,,WR,Patrick Bond (13219054),Patrick Bond,13219054,WR/FLEX/S-FLEX,3000,UGA@VAND 08/31/2019 07:30PM ET,UGA,0
,,,,,,,,,WR,Peyton Mercer (13219057),Peyton Mercer,13219057,WR/FLEX/S-FLEX,3000,UGA@VAND 08/31/2019 07:30PM ET,UGA,0
,,,,,,,,,WR,John FitzPatrick (13219060),John FitzPatrick,13219060,WR/FLEX/S-FLEX,3000,UGA@VAND 08/31/2019 07:30PM ET,UGA,0
,,,,,,,,,WR,Jaylen Johnson (13219063),Jaylen Johnson,13219063,WR/FLEX/S-FLEX,3000,UGA@VAND 08/31/2019 07:30PM ET,UGA,0
,,,,,,,,,WR,Brett Seither (13219066),Brett Seither,13219066,WR/FLEX/S-FLEX,3000,UGA@VAND 08/31/2019 07:30PM ET,UGA,0
,,,,,,,,,WR,Makiya Tongue (13219069),Makiya Tongue,13219069,WR/FLEX/S-FLEX,3000,UGA@VAND 08/31/2019 07:30PM ET,UGA,0
,,,,,,,,,WR,Ryland Goede (13219072),Ryland Goede,13219072,WR/FLEX/S-FLEX,3000,UGA@VAND 08/31/2019 07:30PM ET,UGA,0
,,,,,,,,,WR,Ty James (13219075),Ty James,13219075,WR/FLEX/S-FLEX,3000,UGA@VAND 08/31/2019 07:30PM ET,UGA,0
,,,,,,,,,RB,Will Clark (13219624),Will Clark,13219624,RB/FLEX/S-FLEX,3000,UGA@VAND 08/31/2019 07:30PM ET,VAND,0
,,,,,,,,,RB,JR Tran-Reno (13219627),JR Tran-Reno,13219627,RB/FLEX/S-FLEX,3000,UGA@VAND 08/31/2019 07:30PM ET,VAND,0
,,,,,,,,,RB,Keyon Brooks (13219630),Keyon Brooks,13219630,RB/FLEX/S-FLEX,3000,UGA@VAND 08/31/2019 07:30PM ET,VAND,0
,,,,,,,,,WR,Jackson Winrow (13219633),Jackson Winrow,13219633,WR/FLEX/S-FLEX,3000,UGA@VAND 08/31/2019 07:30PM ET,VAND,0
,,,,,,,,,WR,Braden Kopp (13219636),Braden Kopp,13219636,WR/FLEX/S-FLEX,3000,UGA@VAND 08/31/2019 07:30PM ET,VAND,0
,,,,,,,,,WR,James Bostic (13219639),James Bostic,13219639,WR/FLEX/S-FLEX,3000,UGA@VAND 08/31/2019 07:30PM ET,VAND,0
,,,,,,,,,WR,Keithian Starling (13219642),Keithian Starling,13219642,WR/FLEX/S-FLEX,3000,UGA@VAND 08/31/2019 07:30PM ET,VAND,0
,,,,,,,,,WR,Ben Bresnahan (13219645),Ben Bresnahan,13219645,WR/FLEX/S-FLEX,3000,UGA@VAND 08/31/2019 07:30PM ET,VAND,0
,,,,,,,,,WR,Gavin Schoenwald (13219648),Gavin Schoenwald,13219648,WR/FLEX/S-FLEX,3000,UGA@VAND 08/31/2019 07:30PM ET,VAND,0
,,,,,,,,,WR,Kyle White (13219651),Kyle White,13219651,WR/FLEX/S-FLEX,3000,UGA@VAND 08/31/2019 07:30PM ET,VAND,0
,,,,,,,,,WR,Justin Ball (13219654),Justin Ball,13219654,WR/FLEX/S-FLEX,3000,UGA@VAND 08/31/2019 07:30PM ET,VAND,0
,,,,,,,,,WR,Devin Boddie Jr. (13219657),Devin Boddie Jr.,13219657,WR/FLEX/S-FLEX,3000,UGA@VAND 08/31/2019 07:30PM ET,VAND,0
,,,,,,,,,WR,Joel DeCoursey (13219660),Joel DeCoursey,13219660,WR/FLEX/S-FLEX,3000,UGA@VAND 08/31/2019 07:30PM ET,VAND,0
,,,,,,,,,WR,Jayden Harrison (13219663),Jayden Harrison,13219663,WR/FLEX/S-FLEX,3000,UGA@VAND 08/31/2019 07:30PM ET,VAND,0
,,,,,,,,,RB,Andrew Cunningham (13219078),Andrew Cunningham,13219078,RB/FLEX/S-FLEX,3000,GSU@LSU 08/31/2019 07:30PM ET,GSU,0
,,,,,,,,,RB,AJ Brown (13219081),AJ Brown,13219081,RB/FLEX/S-FLEX,3000,GSU@LSU 08/31/2019 07:30PM ET,GSU,0
,,,,,,,,,RB,Gerald Green (13219084),Gerald Green,13219084,RB/FLEX/S-FLEX,3000,GSU@LSU 08/31/2019 07:30PM ET,GSU,0
,,,,,,,,,RB,Jared Daniels (13219087),Jared Daniels,13219087,RB/FLEX/S-FLEX,3000,GSU@LSU 08/31/2019 07:30PM ET,GSU,0
,,,,,,,,,RB,Joshua Fields (13219090),Joshua Fields,13219090,RB/FLEX/S-FLEX,3000,GSU@LSU 08/31/2019 07:30PM ET,GSU,1.13
,,,,,,,,,WR,Emory McKenzie (13219093),Emory McKenzie,13219093,WR/FLEX/S-FLEX,3000,GSU@LSU 08/31/2019 07:30PM ET,GSU,0
,,,,,,,,,WR,Juanyea Tarver (13219096),Juanyea Tarver,13219096,WR/FLEX/S-FLEX,3000,GSU@LSU 08/31/2019 07:30PM ET,GSU,0
,,,,,,,,,WR,D.J. Butler (13219099),D.J. Butler,13219099,WR/FLEX/S-FLEX,3000,GSU@LSU 08/31/2019 07:30PM ET,GSU,0
,,,,,,,,,WR,Jallah Zeze Jr. (13219102),Jallah Zeze Jr.,13219102,WR/FLEX/S-FLEX,3000,GSU@LSU 08/31/2019 07:30PM ET,GSU,0
,,,,,,,,,WR,Mills Ridings (13219105),Mills Ridings,13219105,WR/FLEX/S-FLEX,3000,GSU@LSU 08/31/2019 07:30PM ET,GSU,0
,,,,,,,,,WR,Trace Dorminy (13219108),Trace Dorminy,13219108,WR/FLEX/S-FLEX,3000,GSU@LSU 08/31/2019 07:30PM ET,GSU,0
,,,,,,,,,WR,Khaleb Hood (13219111),Khaleb Hood,13219111,WR/FLEX/S-FLEX,3000,GSU@LSU 08/31/2019 07:30PM ET,GSU,0
,,,,,,,,,WR,Beau Johnson (13219114),Beau Johnson,13219114,WR/FLEX/S-FLEX,3000,GSU@LSU 08/31/2019 07:30PM ET,GSU,0
,,,,,,,,,WR,Darius Lewis (13219117),Darius Lewis,13219117,WR/FLEX/S-FLEX,3000,GSU@LSU 08/31/2019 07:30PM ET,GSU,0
,,,,,,,,,WR,Drew Rutledge (13219120),Drew Rutledge,13219120,WR/FLEX/S-FLEX,3000,GSU@LSU 08/31/2019 07:30PM ET,GSU,0
,,,,,,,,,WR,Emil Smith (13219123),Emil Smith,13219123,WR/FLEX/S-FLEX,3000,GSU@LSU 08/31/2019 07:30PM ET,GSU,0
,,,,,,,,,WR,Chase Hancock (13219126),Chase Hancock,13219126,WR/FLEX/S-FLEX,3000,GSU@LSU 08/31/2019 07:30PM ET,GSU,0
,,,,,,,,,WR,Robb Bozeman (13219129),Robb Bozeman,13219129,WR/FLEX/S-FLEX,3000,GSU@LSU 08/31/2019 07:30PM ET,GSU,0
,,,,,,,,,RB,Corren Norman (13219174),Corren Norman,13219174,RB/FLEX/S-FLEX,3000,GSU@LSU 08/31/2019 07:30PM ET,LSU,0
,,,,,,,,,RB,Josh Williams (13219177),Josh Williams,13219177,RB/FLEX/S-FLEX,3000,GSU@LSU 08/31/2019 07:30PM ET,LSU,0
,,,,,,,,,RB,Tyrion Davis-Price (13219180),Tyrion Davis-Price,13219180,RB/FLEX/S-FLEX,3000,GSU@LSU 08/31/2019 07:30PM ET,LSU,0
,,,,,,,,,WR,Thaddeus Moss (13219183),Thaddeus Moss,13219183,WR/FLEX/S-FLEX,3000,GSU@LSU 08/31/2019 07:30PM ET,LSU,0
,,,,,,,,,WR,Aaron Moffitt (13219186),Aaron Moffitt,13219186,WR/FLEX/S-FLEX,3000,GSU@LSU 08/31/2019 07:30PM ET,LSU,0
,,,,,,,,,WR,Jontre Kirklin (13219189),Jontre Kirklin,13219189,WR/FLEX/S-FLEX,3000,GSU@LSU 08/31/2019 07:30PM ET,LSU,-0.15
,,,,,,,,,WR,Colby Brunet (13219192),Colby Brunet,13219192,WR/FLEX/S-FLEX,3000,GSU@LSU 08/31/2019 07:30PM ET,LSU,0
,,,,,,,,,WR,Jaray Jenkins (13219195),Jaray Jenkins,13219195,WR/FLEX/S-FLEX,3000,GSU@LSU 08/31/2019 07:30PM ET,LSU,0
,,,,,,,,,WR,Stephen King (13219198),Stephen King,13219198,WR/FLEX/S-FLEX,3000,GSU@LSU 08/31/2019 07:30PM ET,LSU,0
,,,,,,,,,WR,Jansen Mayea (13219201),Jansen Mayea,13219201,WR/FLEX/S-FLEX,3000,GSU@LSU 08/31/2019 07:30PM ET,LSU,0
,,,,,,,,,WR,Alex Aucoin (13219204),Alex Aucoin,13219204,WR/FLEX/S-FLEX,3000,GSU@LSU 08/31/2019 07:30PM ET,LSU,0
,,,,,,,,,WR,Michael Martin (13219207),Michael Martin,13219207,WR/FLEX/S-FLEX,3000,GSU@LSU 08/31/2019 07:30PM ET,LSU,0
,,,,,,,,,WR,Devonta Lee (13219210),Devonta Lee,13219210,WR/FLEX/S-FLEX,3000,GSU@LSU 08/31/2019 07:30PM ET,LSU,0
,,,,,,,,,WR,Trey Palmer (13219213),Trey Palmer,13219213,WR/FLEX/S-FLEX,3000,GSU@LSU 08/31/2019 07:30PM ET,LSU,0
,,,,,,,,,WR,TK McLendon (13219216),TK McLendon,13219216,WR/FLEX/S-FLEX,3000,GSU@LSU 08/31/2019 07:30PM ET,LSU,0
,,,,,,,,,WR,Brandon Hubicz (13219219),Brandon Hubicz,13219219,WR/FLEX/S-FLEX,3000,GSU@LSU 08/31/2019 07:30PM ET,LSU,0
,,,,,,,,,WR,Jack Mashburn (13219222),Jack Mashburn,13219222,WR/FLEX/S-FLEX,3000,GSU@LSU 08/31/2019 07:30PM ET,LSU,0
,,,,,,,,,WR,Thomas McGoey (13219225),Thomas McGoey,13219225,WR/FLEX/S-FLEX,3000,GSU@LSU 08/31/2019 07:30PM ET,LSU,0
,,,,,,,,,WR,Clyde Townsend (13219228),Clyde Townsend,13219228,WR/FLEX/S-FLEX,3000,GSU@LSU 08/31/2019 07:30PM ET,LSU,0
,,,,,,,,,WR,Ray Parker (13219231),Ray Parker,13219231,WR/FLEX/S-FLEX,3000,GSU@LSU 08/31/2019 07:30PM ET,LSU,0
,,,,,,,,,WR,Evan Francioni (13219234),Evan Francioni,13219234,WR/FLEX/S-FLEX,3000,GSU@LSU 08/31/2019 07:30PM ET,LSU,0
,,,,,,,,,RB,Myles Freeman (13219828),Myles Freeman,13219828,RB/FLEX/S-FLEX,3000,GSU@LSU 08/31/2019 07:30PM ET,GSU,0
,,,,,,,,,WR,Drey Davis (13219831),Drey Davis,13219831,WR/FLEX/S-FLEX,3000,GSU@LSU 08/31/2019 07:30PM ET,GSU,0
,,,,,,,,,WR,Quincy Darnell (13219834),Quincy Darnell,13219834,WR/FLEX/S-FLEX,3000,GSU@LSU 08/31/2019 07:30PM ET,GSU,0
,,,,,,,,,WR,Javian Boykin (13219837),Javian Boykin,13219837,WR/FLEX/S-FLEX,3000,GSU@LSU 08/31/2019 07:30PM ET,GSU,0
,,,,,,,,,QB,Shawn Robinson (13218866),Shawn Robinson,13218866,QB/S-FLEX,3000,MIZZ@WYO 08/31/2019 07:30PM ET,MIZZ,17.48
,,,,,,,,,RB,Anthony Watkins (13219387),Anthony Watkins,13219387,RB/FLEX/S-FLEX,3000,MIZZ@WYO 08/31/2019 07:30PM ET,MIZZ,0
,,,,,,,,,RB,Jerney Jones (13219390),Jerney Jones,13219390,RB/FLEX/S-FLEX,3000,MIZZ@WYO 08/31/2019 07:30PM ET,MIZZ,0
,,,,,,,,,RB,Dawson Downing (13219393),Dawson Downing,13219393,RB/FLEX/S-FLEX,3000,MIZZ@WYO 08/31/2019 07:30PM ET,MIZZ,0.35
,,,,,,,,,WR,Daniel Ellinger (13219396),Daniel Ellinger,13219396,WR/FLEX/S-FLEX,3000,MIZZ@WYO 08/31/2019 07:30PM ET,MIZZ,0
,,,,,,,,,WR,Brendan Scales (13219399),Brendan Scales,13219399,WR/FLEX/S-FLEX,3000,MIZZ@WYO 08/31/2019 07:30PM ET,MIZZ,1.1
,,,,,,,,,WR,Micah Wilson (13219402),Micah Wilson,13219402,WR/FLEX/S-FLEX,3000,MIZZ@WYO 08/31/2019 07:30PM ET,MIZZ,1.45
,,,,,,,,,WR,Justin Smith (13219405),Justin Smith,13219405,WR/FLEX/S-FLEX,3000,MIZZ@WYO 08/31/2019 07:30PM ET,MIZZ,0
,,,,,,,,,WR,Logan Christopherson (13219408),Logan Christopherson,13219408,WR/FLEX/S-FLEX,3000,MIZZ@WYO 08/31/2019 07:30PM ET,MIZZ,0
,,,,,,,,,WR,Carson McCarty (13219411),Carson McCarty,13219411,WR/FLEX/S-FLEX,3000,MIZZ@WYO 08/31/2019 07:30PM ET,MIZZ,0
,,,,,,,,,WR,Messiah Swinson (13219414),Messiah Swinson,13219414,WR/FLEX/S-FLEX,3000,MIZZ@WYO 08/31/2019 07:30PM ET,MIZZ,0
,,,,,,,,,WR,Khmari Thompson (13219417),Khmari Thompson,13219417,WR/FLEX/S-FLEX,3000,MIZZ@WYO 08/31/2019 07:30PM ET,MIZZ,0
,,,,,,,,,WR,Zac Schachtner (13219420),Zac Schachtner,13219420,WR/FLEX/S-FLEX,3000,MIZZ@WYO 08/31/2019 07:30PM ET,MIZZ,0
,,,,,,,,,WR,Cade Musser (13219423),Cade Musser,13219423,WR/FLEX/S-FLEX,3000,MIZZ@WYO 08/31/2019 07:30PM ET,MIZZ,0
,,,,,,,,,WR,C.J. Boone (13219426),C.J. Boone,13219426,WR/FLEX/S-FLEX,3000,MIZZ@WYO 08/31/2019 07:30PM ET,MIZZ,0
,,,,,,,,,WR,Tauskie Dove (13219429),Tauskie Dove,13219429,WR/FLEX/S-FLEX,3000,MIZZ@WYO 08/31/2019 07:30PM ET,MIZZ,0
,,,,,,,,,WR,Niko Hea (13219432),Niko Hea,13219432,WR/FLEX/S-FLEX,3000,MIZZ@WYO 08/31/2019 07:30PM ET,MIZZ,0
,,,,,,,,,WR,Maurice Massey (13219435),Maurice Massey,13219435,WR/FLEX/S-FLEX,3000,MIZZ@WYO 08/31/2019 07:30PM ET,MIZZ,0
,,,,,,,,,RB,Theo Dawson (13219744),Theo Dawson,13219744,RB/FLEX/S-FLEX,3000,MIZZ@WYO 08/31/2019 07:30PM ET,WYO,0
,,,,,,,,,RB,Brett Brenton (13219747),Brett Brenton,13219747,RB/FLEX/S-FLEX,3000,MIZZ@WYO 08/31/2019 07:30PM ET,WYO,0
,,,,,,,,,RB,Dawaiian McNeely (13219750),Dawaiian McNeely,13219750,RB/FLEX/S-FLEX,3000,MIZZ@WYO 08/31/2019 07:30PM ET,WYO,0
,,,,,,,,,RB,Austin Clemetson (13219753),Austin Clemetson,13219753,RB/FLEX/S-FLEX,3000,MIZZ@WYO 08/31/2019 07:30PM ET,WYO,0
,,,,,,,,,RB,Tristan Dietz (13219756),Tristan Dietz,13219756,RB/FLEX/S-FLEX,3000,MIZZ@WYO 08/31/2019 07:30PM ET,WYO,0
,,,,,,,,,RB,Austin Lopez (13219759),Austin Lopez,13219759,RB/FLEX/S-FLEX,3000,MIZZ@WYO 08/31/2019 07:30PM ET,WYO,0
,,,,,,,,,RB,Jaylon Watson (13219762),Jaylon Watson,13219762,RB/FLEX/S-FLEX,3000,MIZZ@WYO 08/31/2019 07:30PM ET,WYO,0
,,,,,,,,,RB,Skyler Miller (13219765),Skyler Miller,13219765,RB/FLEX/S-FLEX,3000,MIZZ@WYO 08/31/2019 07:30PM ET,WYO,0
,,,,,,,,,WR,Dontae Crow (13219768),Dontae Crow,13219768,WR/FLEX/S-FLEX,3000,MIZZ@WYO 08/31/2019 07:30PM ET,WYO,0.55
,,,,,,,,,WR,Isaac Leppke (13219771),Isaac Leppke,13219771,WR/FLEX/S-FLEX,3000,MIZZ@WYO 08/31/2019 07:30PM ET,WYO,0
,,,,,,,,,WR,Jahmari Moore (13219774),Jahmari Moore,13219774,WR/FLEX/S-FLEX,3000,MIZZ@WYO 08/31/2019 07:30PM ET,WYO,0
,,,,,,,,,WR,Mason Keeler (13219777),Mason Keeler,13219777,WR/FLEX/S-FLEX,3000,MIZZ@WYO 08/31/2019 07:30PM ET,WYO,0
,,,,,,,,,WR,Justyn Stindt (13219780),Justyn Stindt,13219780,WR/FLEX/S-FLEX,3000,MIZZ@WYO 08/31/2019 07:30PM ET,WYO,0
,,,,,,,,,WR,Camron Donatlan (13219783),Camron Donatlan,13219783,WR/FLEX/S-FLEX,3000,MIZZ@WYO 08/31/2019 07:30PM ET,WYO,0
,,,,,,,,,WR,Gunner Gentry (13219786),Gunner Gentry,13219786,WR/FLEX/S-FLEX,3000,MIZZ@WYO 08/31/2019 07:30PM ET,WYO,0
,,,,,,,,,WR,Jackson Marcotte (13219789),Jackson Marcotte,13219789,WR/FLEX/S-FLEX,3000,MIZZ@WYO 08/31/2019 07:30PM ET,WYO,0
,,,,,,,,,WR,Jaxon Boley (13219792),Jaxon Boley,13219792,WR/FLEX/S-FLEX,3000,MIZZ@WYO 08/31/2019 07:30PM ET,WYO,0
,,,,,,,,,WR,Haize Fornstrom (13219795),Haize Fornstrom,13219795,WR/FLEX/S-FLEX,3000,MIZZ@WYO 08/31/2019 07:30PM ET,WYO,0
,,,,,,,,,WR,Wyatt Wieland (13219798),Wyatt Wieland,13219798,WR/FLEX/S-FLEX,3000,MIZZ@WYO 08/31/2019 07:30PM ET,WYO,0
,,,,,,,,,WR,Devin Jennings (13219801),Devin Jennings,13219801,WR/FLEX/S-FLEX,3000,MIZZ@WYO 08/31/2019 07:30PM ET,WYO,0
,,,,,,,,,WR,Isaiah Neyor (13219804),Isaiah Neyor,13219804,WR/FLEX/S-FLEX,3000,MIZZ@WYO 08/31/2019 07:30PM ET,WYO,0
,,,,,,,,,WR,Alex Brown (13219807),Alex Brown,13219807,WR/FLEX/S-FLEX,3000,MIZZ@WYO 08/31/2019 07:30PM ET,WYO,0
,,,,,,,,,WR,Parker Christensen (13219810),Parker Christensen,13219810,WR/FLEX/S-FLEX,3000,MIZZ@WYO 08/31/2019 07:30PM ET,WYO,0
,,,,,,,,,WR,Treyton Welch (13219813),Treyton Welch,13219813,WR/FLEX/S-FLEX,3000,MIZZ@WYO 08/31/2019 07:30PM ET,WYO,0
,,,,,,,,,WR,Mason Gallegos (13219816),Mason Gallegos,13219816,WR/FLEX/S-FLEX,3000,MIZZ@WYO 08/31/2019 07:30PM ET,WYO,0
,,,,,,,,,WR,Chance Hofer (13219819),Chance Hofer,13219819,WR/FLEX/S-FLEX,3000,MIZZ@WYO 08/31/2019 07:30PM ET,WYO,0
,,,,,,,,,WR,Vance Brazile (13219822),Vance Brazile,13219822,WR/FLEX/S-FLEX,3000,MIZZ@WYO 08/31/2019 07:30PM ET,WYO,0
,,,,,,,,,WR,Jared Scott (13219825),Jared Scott,13219825,WR/FLEX/S-FLEX,3000,MIZZ@WYO 08/31/2019 07:30PM ET,WYO,0
,,,,,,,,,RB,Allamar Alexander (13218916),Allamar Alexander,13218916,RB/FLEX/S-FLEX,3000,BSU@FSU 08/31/2019 07:00PM ET,BSU,0
,,,,,,,,,WR,Matt Pistone (13218919),Matt Pistone,13218919,WR/FLEX/S-FLEX,3000,BSU@FSU 08/31/2019 07:00PM ET,BSU,1.4
,,,,,,,,,WR,Billy Bowens (13218922),Billy Bowens,13218922,WR/FLEX/S-FLEX,3000,BSU@FSU 08/31/2019 07:00PM ET,BSU,1.1
,,,,,,,,,WR,Stefan Cobbs (13218925),Stefan Cobbs,13218925,WR/FLEX/S-FLEX,3000,BSU@FSU 08/31/2019 07:00PM ET,BSU,0
,,,,,,,,,WR,Kaden DeLuna (13218928),Kaden DeLuna,13218928,WR/FLEX/S-FLEX,3000,BSU@FSU 08/31/2019 07:00PM ET,BSU,0
,,,,,,,,,WR,Maclaine Griffin (13218931),Maclaine Griffin,13218931,WR/FLEX/S-FLEX,3000,BSU@FSU 08/31/2019 07:00PM ET,BSU,0
,,,,,,,,,WR,Tyneil Hopper (13218934),Tyneil Hopper,13218934,WR/FLEX/S-FLEX,3000,BSU@FSU 08/31/2019 07:00PM ET,BSU,0
,,,,,,,,,WR,Cole Ramseyer (13218937),Cole Ramseyer,13218937,WR/FLEX/S-FLEX,3000,BSU@FSU 08/31/2019 07:00PM ET,BSU,0
,,,,,,,,,WR,Connor Riddle (13218940),Connor Riddle,13218940,WR/FLEX/S-FLEX,3000,BSU@FSU 08/31/2019 07:00PM ET,BSU,0
,,,,,,,,,WR,DK Blaylock (13218943),DK Blaylock,13218943,WR/FLEX/S-FLEX,3000,BSU@FSU 08/31/2019 07:00PM ET,BSU,0
,,,,,,,,,WR,Tyler Eiguren (13218946),Tyler Eiguren,13218946,WR/FLEX/S-FLEX,3000,BSU@FSU 08/31/2019 07:00PM ET,BSU,0
,,,,,,,,,WR,Shea Whiting (13218949),Shea Whiting,13218949,WR/FLEX/S-FLEX,3000,BSU@FSU 08/31/2019 07:00PM ET,BSU,0
,,,,,,,,,WR,Trevor Cole (13218952),Trevor Cole,13218952,WR/FLEX/S-FLEX,3000,BSU@FSU 08/31/2019 07:00PM ET,BSU,0
,,,,,,,,,WR,Khyheem Waleed (13218955),Khyheem Waleed,13218955,WR/FLEX/S-FLEX,3000,BSU@FSU 08/31/2019 07:00PM ET,BSU,0
,,,,,,,,,RB,Treshaun Ward (13218958),Treshaun Ward,13218958,RB/FLEX/S-FLEX,3000,BSU@FSU 08/31/2019 07:00PM ET,FSU,0
,,,,,,,,,RB,Raekwon Webb (13218961),Raekwon Webb,13218961,RB/FLEX/S-FLEX,3000,BSU@FSU 08/31/2019 07:00PM ET,FSU,0
,,,,,,,,,RB,Deonte Sheffield (13218964),Deonte Sheffield,13218964,RB/FLEX/S-FLEX,3000,BSU@FSU 08/31/2019 07:00PM ET,FSU,0
,,,,,,,,,WR,Michael Barulich (13218967),Michael Barulich,13218967,WR/FLEX/S-FLEX,3000,BSU@FSU 08/31/2019 07:00PM ET,FSU,0
,,,,,,,,,WR,Tyrell Moorer (13218970),Tyrell Moorer,13218970,WR/FLEX/S-FLEX,3000,BSU@FSU 08/31/2019 07:00PM ET,FSU,0
,,,,,,,,,WR,D'Anfernee McGriff (13218973),D'Anfernee McGriff,13218973,WR/FLEX/S-FLEX,3000,BSU@FSU 08/31/2019 07:00PM ET,FSU,0
,,,,,,,,,WR,Ontaria Wilson (13218976),Ontaria Wilson,13218976,WR/FLEX/S-FLEX,3000,BSU@FSU 08/31/2019 07:00PM ET,FSU,2.5
,,,,,,,,,WR,Adarius Dent (13218979),Adarius Dent,13218979,WR/FLEX/S-FLEX,3000,BSU@FSU 08/31/2019 07:00PM ET,FSU,0
,,,,,,,,,WR,D'Marcus Adams (13218982),D'Marcus Adams,13218982,WR/FLEX/S-FLEX,3000,BSU@FSU 08/31/2019 07:00PM ET,FSU,0
,,,,,,,,,WR,Camren McDonald (13218985),Camren McDonald,13218985,WR/FLEX/S-FLEX,3000,BSU@FSU 08/31/2019 07:00PM ET,FSU,0
,,,,,,,,,WR,Warren Thompson (13218988),Warren Thompson,13218988,WR/FLEX/S-FLEX,3000,BSU@FSU 08/31/2019 07:00PM ET,FSU,0
,,,,,,,,,WR,Caleb Ward (13218991),Caleb Ward,13218991,WR/FLEX/S-FLEX,3000,BSU@FSU 08/31/2019 07:00PM ET,FSU,0
,,,,,,,,,WR,Jordan Young (13218994),Jordan Young,13218994,WR/FLEX/S-FLEX,3000,BSU@FSU 08/31/2019 07:00PM ET,FSU,0
,,,,,,,,,WR,Austin White (13218997),Austin White,13218997,WR/FLEX/S-FLEX,3000,BSU@FSU 08/31/2019 07:00PM ET,FSU,0
,,,,,,,,,WR,Tre Young (13219000),Tre Young,13219000,WR/FLEX/S-FLEX,3000,BSU@FSU 08/31/2019 07:00PM ET,FSU,0
,,,,,,,,,WR,Caleb Faris (13219003),Caleb Faris,13219003,WR/FLEX/S-FLEX,3000,BSU@FSU 08/31/2019 07:00PM ET,FSU,0
,,,,,,,,,RB,Grey Brancifort (13219507),Grey Brancifort,13219507,RB/FLEX/S-FLEX,3000,UV@PITT 08/31/2019 07:30PM ET,PITT,0
,,,,,,,,,RB,Elias Myers (13219510),Elias Myers,13219510,RB/FLEX/S-FLEX,3000,UV@PITT 08/31/2019 07:30PM ET,PITT,0
,,,,,,,,,RB,Vincent Davis (13219513),Vincent Davis,13219513,RB/FLEX/S-FLEX,3000,UV@PITT 08/31/2019 07:30PM ET,PITT,0
,,,,,,,,,RB,Todd Sibley Jr. (13219516),Todd Sibley Jr.,13219516,RB/FLEX/S-FLEX,3000,UV@PITT 08/31/2019 07:30PM ET,PITT,-0.1
,,,,,,,,,RB,Kyle Vreen (13219519),Kyle Vreen,13219519,RB/FLEX/S-FLEX,3000,UV@PITT 08/31/2019 07:30PM ET,PITT,0
,,,,,,,,,RB,Peyton Deri (13219522),Peyton Deri,13219522,RB/FLEX/S-FLEX,3000,UV@PITT 08/31/2019 07:30PM ET,PITT,0
,,,,,,,,,WR,Nakia Griffin-Stewart (13219525),Nakia Griffin-Stewart,13219525,WR/FLEX/S-FLEX,3000,UV@PITT 08/31/2019 07:30PM ET,PITT,1.5
,,,,,,,,,WR,Grant Carrigan (13219528),Grant Carrigan,13219528,WR/FLEX/S-FLEX,3000,UV@PITT 08/31/2019 07:30PM ET,PITT,0
,,,,,,,,,WR,Michael Smith (13219531),Michael Smith,13219531,WR/FLEX/S-FLEX,3000,UV@PITT 08/31/2019 07:30PM ET,PITT,0
,,,,,,,,,WR,Michael Vardzel (13219534),Michael Vardzel,13219534,WR/FLEX/S-FLEX,3000,UV@PITT 08/31/2019 07:30PM ET,PITT,0
,,,,,,,,,WR,Garrett Bickhart (13219537),Garrett Bickhart,13219537,WR/FLEX/S-FLEX,3000,UV@PITT 08/31/2019 07:30PM ET,PITT,0
,,,,,,,,,WR,Cameron O'Neil (13219540),Cameron O'Neil,13219540,WR/FLEX/S-FLEX,3000,UV@PITT 08/31/2019 07:30PM ET,PITT,0
,,,,,,,,,WR,Jake Cortes (13219543),Jake Cortes,13219543,WR/FLEX/S-FLEX,3000,UV@PITT 08/31/2019 07:30PM ET,PITT,0
,,,,,,,,,WR,John Vardzel (13219546),John Vardzel,13219546,WR/FLEX/S-FLEX,3000,UV@PITT 08/31/2019 07:30PM ET,PITT,0
,,,,,,,,,WR,Will Gipson (13219549),Will Gipson,13219549,WR/FLEX/S-FLEX,3000,UV@PITT 08/31/2019 07:30PM ET,PITT,0
,,,,,,,,,WR,Jared Wayne (13219552),Jared Wayne,13219552,WR/FLEX/S-FLEX,3000,UV@PITT 08/31/2019 07:30PM ET,PITT,0
,,,,,,,,,WR,Kyi Wright (13219555),Kyi Wright,13219555,WR/FLEX/S-FLEX,3000,UV@PITT 08/31/2019 07:30PM ET,PITT,0
,,,,,,,,,WR,Jacob Hunsinger (13219558),Jacob Hunsinger,13219558,WR/FLEX/S-FLEX,3000,UV@PITT 08/31/2019 07:30PM ET,PITT,0
,,,,,,,,,WR,Isaiah Stewart (13219561),Isaiah Stewart,13219561,WR/FLEX/S-FLEX,3000,UV@PITT 08/31/2019 07:30PM ET,PITT,0
,,,,,,,,,WR,Gavin Thomson (13219564),Gavin Thomson,13219564,WR/FLEX/S-FLEX,3000,UV@PITT 08/31/2019 07:30PM ET,PITT,0
,,,,,,,,,WR,Jason Collier (13219567),Jason Collier,13219567,WR/FLEX/S-FLEX,3000,UV@PITT 08/31/2019 07:30PM ET,PITT,0
,,,,,,,,,RB,Dylan Crawford (13219666),Dylan Crawford,13219666,RB/FLEX/S-FLEX,3000,UV@PITT 08/31/2019 07:30PM ET,UV,0
,,,,,,,,,RB,Perris Jones (13219669),Perris Jones,13219669,RB/FLEX/S-FLEX,3000,UV@PITT 08/31/2019 07:30PM ET,UV,0
,,,,,,,,,RB,Billy Kemp IV (13219672),Billy Kemp IV,13219672,RB/FLEX/S-FLEX,3000,UV@PITT 08/31/2019 07:30PM ET,UV,0
,,,,,,,,,RB,Seneca Milledge (13219675),Seneca Milledge,13219675,RB/FLEX/S-FLEX,3000,UV@PITT 08/31/2019 07:30PM ET,UV,0
,,,,,,,,,RB,Mike Hollins (13219678),Mike Hollins,13219678,RB/FLEX/S-FLEX,3000,UV@PITT 08/31/2019 07:30PM ET,UV,0
,,,,,,,,,RB,Andrew Yavinsky (13219681),Andrew Yavinsky,13219681,RB/FLEX/S-FLEX,3000,UV@PITT 08/31/2019 07:30PM ET,UV,0
,,,,,,,,,RB,Justin Zollar (13219684),Justin Zollar,13219684,RB/FLEX/S-FLEX,3000,UV@PITT 08/31/2019 07:30PM ET,UV,0
,,,,,,,,,RB,Jamari Peacock (13219687),Jamari Peacock,13219687,RB/FLEX/S-FLEX,3000,UV@PITT 08/31/2019 07:30PM ET,UV,1.5
,,,,,,,,,WR,Chuck Davis (13219690),Chuck Davis,13219690,WR/FLEX/S-FLEX,3000,UV@PITT 08/31/2019 07:30PM ET,UV,-0.1
,,,,,,,,,WR,Shane Eilers (13219693),Shane Eilers,13219693,WR/FLEX/S-FLEX,3000,UV@PITT 08/31/2019 07:30PM ET,UV,0
,,,,,,,,,WR,Tristan Hillerich (13219696),Tristan Hillerich,13219696,WR/FLEX/S-FLEX,3000,UV@PITT 08/31/2019 07:30PM ET,UV,0
,,,,,,,,,WR,Darnell Pratt (13219699),Darnell Pratt,13219699,WR/FLEX/S-FLEX,3000,UV@PITT 08/31/2019 07:30PM ET,UV,0
,,,,,,,,,WR,T.J. Kitts (13219702),T.J. Kitts,13219702,WR/FLEX/S-FLEX,3000,UV@PITT 08/31/2019 07:30PM ET,UV,0
,,,,,,,,,WR,Hayden Mitchell (13219705),Hayden Mitchell,13219705,WR/FLEX/S-FLEX,3000,UV@PITT 08/31/2019 07:30PM ET,UV,0
,,,,,,,,,WR,Josh Clifford (13219708),Josh Clifford,13219708,WR/FLEX/S-FLEX,3000,UV@PITT 08/31/2019 07:30PM ET,UV,0
,,,,,,,,,WR,Grant Misch (13219711),Grant Misch,13219711,WR/FLEX/S-FLEX,3000,UV@PITT 08/31/2019 07:30PM ET,UV,0
,,,,,,,,,WR,Ugo Obasi (13219714),Ugo Obasi,13219714,WR/FLEX/S-FLEX,3000,UV@PITT 08/31/2019 07:30PM ET,UV,0
,,,,,,,,,WR,Brandon White (13219717),Brandon White,13219717,WR/FLEX/S-FLEX,3000,UV@PITT 08/31/2019 07:30PM ET,UV,0
,,,,,,,,,WR,Dontayvion Wicks (13219720),Dontayvion Wicks,13219720,WR/FLEX/S-FLEX,3000,UV@PITT 08/31/2019 07:30PM ET,UV,0
,,,,,,,,,WR,Nathaniel Beal III (13219723),Nathaniel Beal III,13219723,WR/FLEX/S-FLEX,3000,UV@PITT 08/31/2019 07:30PM ET,UV,0
,,,,,,,,,WR,John Izlar (13219726),John Izlar,13219726,WR/FLEX/S-FLEX,3000,UV@PITT 08/31/2019 07:30PM ET,UV,0
,,,,,,,,,WR,Zack Kindel (13219729),Zack Kindel,13219729,WR/FLEX/S-FLEX,3000,UV@PITT 08/31/2019 07:30PM ET,UV,0
,,,,,,,,,WR,Mike Kosar (13219732),Mike Kosar,13219732,WR/FLEX/S-FLEX,3000,UV@PITT 08/31/2019 07:30PM ET,UV,0
,,,,,,,,,WR,Dorien Goddard (13219735),Dorien Goddard,13219735,WR/FLEX/S-FLEX,3000,UV@PITT 08/31/2019 07:30PM ET,UV,0
,,,,,,,,,WR,Jalen Harrison (13219738),Jalen Harrison,13219738,WR/FLEX/S-FLEX,3000,UV@PITT 08/31/2019 07:30PM ET,UV,0
,,,,,,,,,WR,Andrew Spaziani (13219741),Andrew Spaziani,13219741,WR/FLEX/S-FLEX,3000,UV@PITT 08/31/2019 07:30PM ET,UV,0
,,,,,,,,,RB,DeAndre Marcus (13219132),DeAndre Marcus,13219132,RB/FLEX/S-FLEX,3000,LT@UT 08/31/2019 08:00PM ET,LT,1.5
,,,,,,,,,RB,Elijah Hines (13219135),Elijah Hines,13219135,RB/FLEX/S-FLEX,3000,LT@UT 08/31/2019 08:00PM ET,LT,0
,,,,,,,,,RB,Ishmael Landers (13219138),Ishmael Landers,13219138,RB/FLEX/S-FLEX,3000,LT@UT 08/31/2019 08:00PM ET,LT,0
,,,,,,,,,WR,Jake Norris (13219141),Jake Norris,13219141,WR/FLEX/S-FLEX,3000,LT@UT 08/31/2019 08:00PM ET,LT,2.6
,,,,,,,,,WR,Zach Cousar (13219144),Zach Cousar,13219144,WR/FLEX/S-FLEX,3000,LT@UT 08/31/2019 08:00PM ET,LT,0
,,,,,,,,,WR,Griffin Hebert (13219147),Griffin Hebert,13219147,WR/FLEX/S-FLEX,3000,LT@UT 08/31/2019 08:00PM ET,LT,0
,,,,,,,,,WR,Tahj Magee (13219150),Tahj Magee,13219150,WR/FLEX/S-FLEX,3000,LT@UT 08/31/2019 08:00PM ET,LT,0
,,,,,,,,,WR,Joshua Matthews (13219153),Joshua Matthews,13219153,WR/FLEX/S-FLEX,3000,LT@UT 08/31/2019 08:00PM ET,LT,0
,,,,,,,,,WR,Praise Okorie (13219156),Praise Okorie,13219156,WR/FLEX/S-FLEX,3000,LT@UT 08/31/2019 08:00PM ET,LT,-0.12
,,,,,,,,,WR,Kyle Maxwell (13219159),Kyle Maxwell,13219159,WR/FLEX/S-FLEX,3000,LT@UT 08/31/2019 08:00PM ET,LT,0
,,,,,,,,,WR,Carson Rieder (13219162),Carson Rieder,13219162,WR/FLEX/S-FLEX,3000,LT@UT 08/31/2019 08:00PM ET,LT,0
,,,,,,,,,WR,Joseph Walker (13219165),Joseph Walker,13219165,WR/FLEX/S-FLEX,3000,LT@UT 08/31/2019 08:00PM ET,LT,0
,,,,,,,,,WR,Doyle Adams Jr (13219168),Doyle Adams Jr,13219168,WR/FLEX/S-FLEX,3000,LT@UT 08/31/2019 08:00PM ET,LT,0
,,,,,,,,,WR,Jawaun Johnson (13219171),Jawaun Johnson,13219171,WR/FLEX/S-FLEX,3000,LT@UT 08/31/2019 08:00PM ET,LT,0
,,,,,,,,,RB,Jarrett Smith (13219570),Jarrett Smith,13219570,RB/FLEX/S-FLEX,3000,LT@UT 08/31/2019 08:00PM ET,UT,0
,,,,,,,,,RB,Derrian Brown (13219573),Derrian Brown,13219573,RB/FLEX/S-FLEX,3000,LT@UT 08/31/2019 08:00PM ET,UT,0
,,,,,,,,,RB,Jaren Watkins (13219576),Jaren Watkins,13219576,RB/FLEX/S-FLEX,3000,LT@UT 08/31/2019 08:00PM ET,UT,0
,,,,,,,,,WR,Reese Leitao (13219579),Reese Leitao,13219579,WR/FLEX/S-FLEX,3000,LT@UT 08/31/2019 08:00PM ET,UT,0
,,,,,,,,,WR,Jordan Pouncey (13219582),Jordan Pouncey,13219582,WR/FLEX/S-FLEX,3000,LT@UT 08/31/2019 08:00PM ET,UT,0
,,,,,,,,,WR,Kai Jarmon (13219585),Kai Jarmon,13219585,WR/FLEX/S-FLEX,3000,LT@UT 08/31/2019 08:00PM ET,UT,0
,,,,,,,,,WR,Austin Hibbetts (13219588),Austin Hibbetts,13219588,WR/FLEX/S-FLEX,3000,LT@UT 08/31/2019 08:00PM ET,UT,0
,,,,,,,,,WR,Travis West (13219591),Travis West,13219591,WR/FLEX/S-FLEX,3000,LT@UT 08/31/2019 08:00PM ET,UT,0
,,,,,,,,,WR,Al'Vonte Woodard (13219594),Al'Vonte Woodard,13219594,WR/FLEX/S-FLEX,3000,LT@UT 08/31/2019 08:00PM ET,UT,0
,,,,,,,,,WR,Kartik Akkihal (13219597),Kartik Akkihal,13219597,WR/FLEX/S-FLEX,3000,LT@UT 08/31/2019 08:00PM ET,UT,0
,,,,,,,,,WR,Jared Wiley (13219600),Jared Wiley,13219600,WR/FLEX/S-FLEX,3000,LT@UT 08/31/2019 08:00PM ET,UT,0
,,,,,,,,,WR,Kai Money (13219603),Kai Money,13219603,WR/FLEX/S-FLEX,3000,LT@UT 08/31/2019 08:00PM ET,UT,0
,,,,,,,,,WR,Parker Alford (13219606),Parker Alford,13219606,WR/FLEX/S-FLEX,3000,LT@UT 08/31/2019 08:00PM ET,UT,0
,,,,,,,,,WR,Nathan Hatter (13219609),Nathan Hatter,13219609,WR/FLEX/S-FLEX,3000,LT@UT 08/31/2019 08:00PM ET,UT,0
,,,,,,,,,WR,Kennedy Lewis (13219612),Kennedy Lewis,13219612,WR/FLEX/S-FLEX,3000,LT@UT 08/31/2019 08:00PM ET,UT,0
,,,,,,,,,WR,Brayden Liebrock (13219615),Brayden Liebrock,13219615,WR/FLEX/S-FLEX,3000,LT@UT 08/31/2019 08:00PM ET,UT,0
,,,,,,,,,WR,Jake Smith (13219618),Jake Smith,13219618,WR/FLEX/S-FLEX,3000,LT@UT 08/31/2019 08:00PM ET,UT,0
,,,,,,,,,WR,Marcus Washington (13219621),Marcus Washington,13219621,WR/FLEX/S-FLEX,3000,LT@UT 08/31/2019 08:00PM ET,UT,0
,,,,,,,,,RB,Lucas Andrighetto (13219237),Lucas Andrighetto,13219237,RB/FLEX/S-FLEX,3000,MTSU@MICH 08/31/2019 07:30PM ET,MICH,0
,,,,,,,,,RB,Ben VanSumeren (13219240),Ben VanSumeren,13219240,RB/FLEX/S-FLEX,3000,MTSU@MICH 08/31/2019 07:30PM ET,MICH,0
,,,,,,,,,RB,Hassan Haskins (13219243),Hassan Haskins,13219243,RB/FLEX/S-FLEX,3000,MTSU@MICH 08/31/2019 07:30PM ET,MICH,0
,,,,,,,,,RB,Jordan Castleberry (13219246),Jordan Castleberry,13219246,RB/FLEX/S-FLEX,3000,MTSU@MICH 08/31/2019 07:30PM ET,MICH,0
,,,,,,,,,RB,Leon Franklin (13219249),Leon Franklin,13219249,RB/FLEX/S-FLEX,3000,MTSU@MICH 08/31/2019 07:30PM ET,MICH,0
,,,,,,,,,RB,Danny Hughes (13219252),Danny Hughes,13219252,RB/FLEX/S-FLEX,3000,MTSU@MICH 08/31/2019 07:30PM ET,MICH,0
,,,,,,,,,RB,Abe Jaafar (13219255),Abe Jaafar,13219255,RB/FLEX/S-FLEX,3000,MTSU@MICH 08/31/2019 07:30PM ET,MICH,0
,,,,,,,,,RB,Nicholas Capatina (13219258),Nicholas Capatina,13219258,RB/FLEX/S-FLEX,3000,MTSU@MICH 08/31/2019 07:30PM ET,MICH,0
,,,,,,,,,RB,Peter Bush (13219261),Peter Bush,13219261,RB/FLEX/S-FLEX,3000,MTSU@MICH 08/31/2019 07:30PM ET,MICH,0
,,,,,,,,,RB,Matt Brown (13219264),Matt Brown,13219264,RB/FLEX/S-FLEX,3000,MTSU@MICH 08/31/2019 07:30PM ET,MICH,0
,,,,,,,,,RB,Jared Char (13219267),Jared Char,13219267,RB/FLEX/S-FLEX,3000,MTSU@MICH 08/31/2019 07:30PM ET,MICH,0
,,,,,,,,,WR,Jake Martin (13219270),Jake Martin,13219270,WR/FLEX/S-FLEX,3000,MTSU@MICH 08/31/2019 07:30PM ET,MICH,0
,,,,,,,,,WR,Nate Schoenle (13219273),Nate Schoenle,13219273,WR/FLEX/S-FLEX,3000,MTSU@MICH 08/31/2019 07:30PM ET,MICH,0
,,,,,,,,,WR,Brendan White (13219276),Brendan White,13219276,WR/FLEX/S-FLEX,3000,MTSU@MICH 08/31/2019 07:30PM ET,MICH,0
,,,,,,,,,WR,Jacob West (13219279),Jacob West,13219279,WR/FLEX/S-FLEX,3000,MTSU@MICH 08/31/2019 07:30PM ET,MICH,0
,,,,,,,,,WR,Joseph Files (13219282),Joseph Files,13219282,WR/FLEX/S-FLEX,3000,MTSU@MICH 08/31/2019 07:30PM ET,MICH,0
,,,,,,,,,WR,Carter Selzer (13219285),Carter Selzer,13219285,WR/FLEX/S-FLEX,3000,MTSU@MICH 08/31/2019 07:30PM ET,MICH,0
,,,,,,,,,WR,Jack Young (13219288),Jack Young,13219288,WR/FLEX/S-FLEX,3000,MTSU@MICH 08/31/2019 07:30PM ET,MICH,0
,,,,,,,,,WR,Ramsey Baty (13219291),Ramsey Baty,13219291,WR/FLEX/S-FLEX,3000,MTSU@MICH 08/31/2019 07:30PM ET,MICH,0
,,,,,,,,,WR,Luke Buckman (13219294),Luke Buckman,13219294,WR/FLEX/S-FLEX,3000,MTSU@MICH 08/31/2019 07:30PM ET,MICH,0
,,,,,,,,,WR,Tyler Grosz (13219297),Tyler Grosz,13219297,WR/FLEX/S-FLEX,3000,MTSU@MICH 08/31/2019 07:30PM ET,MICH,0
,,,,,,,,,WR,Mustapha Muhammad (13219300),Mustapha Muhammad,13219300,WR/FLEX/S-FLEX,3000,MTSU@MICH 08/31/2019 07:30PM ET,MICH,0
,,,,,,,,,WR,Luke Schoonmaker (13219303),Luke Schoonmaker,13219303,WR/FLEX/S-FLEX,3000,MTSU@MICH 08/31/2019 07:30PM ET,MICH,0
,,,,,,,,,WR,Erick All (13219306),Erick All,13219306,WR/FLEX/S-FLEX,3000,MTSU@MICH 08/31/2019 07:30PM ET,MICH,0
,,,,,,,,,WR,Desmond Nicholas (13219309),Desmond Nicholas,13219309,WR/FLEX/S-FLEX,3000,MTSU@MICH 08/31/2019 07:30PM ET,MICH,0
,,,,,,,,,WR,Matt Torey (13219312),Matt Torey,13219312,WR/FLEX/S-FLEX,3000,MTSU@MICH 08/31/2019 07:30PM ET,MICH,0
,,,,,,,,,WR,Giles Jackson (13219315),Giles Jackson,13219315,WR/FLEX/S-FLEX,3000,MTSU@MICH 08/31/2019 07:30PM ET,MICH,0
,,,,,,,,,WR,Cornelius Johnson (13219318),Cornelius Johnson,13219318,WR/FLEX/S-FLEX,3000,MTSU@MICH 08/31/2019 07:30PM ET,MICH,0
,,,,,,,,,WR,George Johnson (13219321),George Johnson,13219321,WR/FLEX/S-FLEX,3000,MTSU@MICH 08/31/2019 07:30PM ET,MICH,0
,,,,,,,,,WR,Mathew Harrison (13219324),Mathew Harrison,13219324,WR/FLEX/S-FLEX,3000,MTSU@MICH 08/31/2019 07:30PM ET,MICH,0
,,,,,,,,,WR,Hunter Neff (13219327),Hunter Neff,13219327,WR/FLEX/S-FLEX,3000,MTSU@MICH 08/31/2019 07:30PM ET,MICH,0
,,,,,,,,,WR,Will Sessa (13219330),Will Sessa,13219330,WR/FLEX/S-FLEX,3000,MTSU@MICH 08/31/2019 07:30PM ET,MICH,0
,,,,,,,,,RB,Jayy McDonald (13219333),Jayy McDonald,13219333,RB/FLEX/S-FLEX,3000,MTSU@MICH 08/31/2019 07:30PM ET,MTSU,0
,,,,,,,,,RB,William Wilcox (13219336),William Wilcox,13219336,RB/FLEX/S-FLEX,3000,MTSU@MICH 08/31/2019 07:30PM ET,MTSU,0
,,,,,,,,,RB,D'Monte Kemp (13219339),D'Monte Kemp,13219339,RB/FLEX/S-FLEX,3000,MTSU@MICH 08/31/2019 07:30PM ET,MTSU,0
,,,,,,,,,RB,Joeseph Sewell (13219342),Joeseph Sewell,13219342,RB/FLEX/S-FLEX,3000,MTSU@MICH 08/31/2019 07:30PM ET,MTSU,0
,,,,,,,,,RB,Dalton Frantz (13219345),Dalton Frantz,13219345,RB/FLEX/S-FLEX,3000,MTSU@MICH 08/31/2019 07:30PM ET,MTSU,0
,,,,,,,,,WR,Davis Witt (13219348),Davis Witt,13219348,WR/FLEX/S-FLEX,3000,MTSU@MICH 08/31/2019 07:30PM ET,MTSU,0
,,,,,,,,,WR,Jarrin Pierce (13219351),Jarrin Pierce,13219351,WR/FLEX/S-FLEX,3000,MTSU@MICH 08/31/2019 07:30PM ET,MTSU,0
,,,,,,,,,WR,Ruben Garnett (13219354),Ruben Garnett,13219354,WR/FLEX/S-FLEX,3000,MTSU@MICH 08/31/2019 07:30PM ET,MTSU,2.75
,,,,,,,,,WR,Tyrese Johnson (13219357),Tyrese Johnson,13219357,WR/FLEX/S-FLEX,3000,MTSU@MICH 08/31/2019 07:30PM ET,MTSU,0
,,,,,,,,,WR,John Turner (13219360),John Turner,13219360,WR/FLEX/S-FLEX,3000,MTSU@MICH 08/31/2019 07:30PM ET,MTSU,0.6
,,,,,,,,,WR,Zeke Cobb (13219363),Zeke Cobb,13219363,WR/FLEX/S-FLEX,3000,MTSU@MICH 08/31/2019 07:30PM ET,MTSU,2.2
,,,,,,,,,WR,Yusuf Ali (13219366),Yusuf Ali,13219366,WR/FLEX/S-FLEX,3000,MTSU@MICH 08/31/2019 07:30PM ET,MTSU,0
,,,,,,,,,WR,Devon Jackson (13219369),Devon Jackson,13219369,WR/FLEX/S-FLEX,3000,MTSU@MICH 08/31/2019 07:30PM ET,MTSU,0
,,,,,,,,,WR,Parker Bullion (13219372),Parker Bullion,13219372,WR/FLEX/S-FLEX,3000,MTSU@MICH 08/31/2019 07:30PM ET,MTSU,0
,,,,,,,,,WR,DJ England-Chisolm (13219375),DJ England-Chisolm,13219375,WR/FLEX/S-FLEX,3000,MTSU@MICH 08/31/2019 07:30PM ET,MTSU,0
,,,,,,,,,WR,Marquel Tinsley (13219378),Marquel Tinsley,13219378,WR/FLEX/S-FLEX,3000,MTSU@MICH 08/31/2019 07:30PM ET,MTSU,0
,,,,,,,,,WR,Luke Bolger (13219381),Luke Bolger,13219381,WR/FLEX/S-FLEX,3000,MTSU@MICH 08/31/2019 07:30PM ET,MTSU,0
,,,,,,,,,WR,Cole Jacobs (13219384),Cole Jacobs,13219384,WR/FLEX/S-FLEX,3000,MTSU@MICH 08/31/2019 07:30PM ET,MTSU,0
